experiment,group,circuit,seed,budget,status,best_luts,best_levels,best_feasible
100x10,trained,int2float,0,1000,complete,45,3,True
100x10,trained,int2float,1,1000,complete,44,3,True
100x10,trained,int2float,2,1000,complete,43,3,True
100x10,trained,i2c,0,1000,complete,300,4,True
100x10,trained,i2c,1,1000,complete,305,4,True
100x10,trained,i2c,2,1000,complete,306,4,True
100x10,trained,max,0,1000,complete,769,41,True
100x10,trained,max,1,1000,complete,775,41,True
100x10,trained,max,2,1000,complete,773,41,True
100x10,frozen,int2float,0,1000,complete,44,3,True
100x10,frozen,int2float,1,1000,complete,44,3,True
100x10,frozen,int2float,2,1000,complete,43,3,True
100x10,frozen,i2c,0,1000,complete,301,4,True
100x10,frozen,i2c,1,1000,complete,307,4,True
100x10,frozen,i2c,2,1000,complete,306,4,True
100x10,frozen,max,0,1000,complete,763,41,True
100x10,frozen,max,1,1000,complete,775,41,True
100x10,frozen,max,2,1000,complete,773,41,True
100x10,uniform,int2float,0,1000,complete,44,3,True
100x10,uniform,int2float,1,1000,complete,44,3,True
100x10,uniform,int2float,2,1000,complete,44,3,True
100x10,uniform,i2c,0,1000,complete,304,4,True
100x10,uniform,i2c,1,1000,complete,304,4,True
100x10,uniform,i2c,2,1000,complete,305,4,True
100x10,uniform,max,0,1000,complete,769,41,True
100x10,uniform,max,1,1000,complete,778,41,True
100x10,uniform,max,2,1000,complete,777,41,True
