group,circuit,seed,status,episodes_completed,training_seconds,error,max_levels,best_luts,best_levels,best_feasible,best_episode,best_iteration,best_candidate,candidates,feasible_candidates,feasible_candidate_rate,feasible_episodes,feasible_episode_rate,feasible_terminals,feasible_terminal_rate
trained,int2float,0,complete,200,92.14644691099988,,3,45,3,True,28,4,139,1000,856,0.856,200,1.0,159,0.795
trained,int2float,1,complete,200,90.41764328800005,,3,44,3,True,50,5,250,1000,943,0.943,200,1.0,180,0.9
trained,int2float,2,complete,200,91.52042274800006,,3,45,3,True,48,4,239,1000,914,0.914,200,1.0,172,0.86
trained,i2c,0,complete,200,208.63137258000006,,4,311,4,True,103,5,515,1000,1000,1.0,200,1.0,200,1.0
trained,i2c,1,complete,200,205.2383474269998,,4,317,4,True,196,4,979,1000,1000,1.0,200,1.0,200,1.0
trained,i2c,2,complete,200,208.6662309580001,,4,310,4,True,120,5,600,1000,1000,1.0,200,1.0,200,1.0
trained,max,0,complete,200,388.49112621300014,,41,781,41,True,49,5,245,1000,9,0.009,7,0.035,7,0.035
trained,max,1,complete,200,390.55438529400004,,41,781,41,True,28,5,140,1000,8,0.008,5,0.025,5,0.025
trained,max,2,complete,200,388.91336149000017,,41,773,41,True,15,5,75,1000,12,0.012,6,0.03,6,0.03
frozen,int2float,0,complete,200,138.6663816239999,,3,45,3,True,28,4,139,1000,799,0.799,200,1.0,148,0.74
frozen,int2float,1,complete,200,135.81013808899996,,3,44,3,True,50,5,250,1000,920,0.92,200,1.0,176,0.88
frozen,int2float,2,complete,200,137.0975171729999,,3,45,3,True,48,4,239,1000,891,0.891,200,1.0,167,0.835
frozen,i2c,0,complete,200,230.8892453720001,,4,312,4,True,11,5,55,1000,1000,1.0,200,1.0,200,1.0
frozen,i2c,1,complete,200,226.95632853499987,,4,314,4,True,196,5,980,1000,1000,1.0,200,1.0,200,1.0
frozen,i2c,2,complete,200,229.83604146599995,,4,310,4,True,120,5,600,1000,1000,1.0,200,1.0,200,1.0
frozen,max,0,complete,200,401.19630740700006,,41,781,41,True,185,3,923,1000,7,0.007,5,0.025,5,0.025
frozen,max,1,complete,200,402.8682677950003,,41,781,41,True,28,5,140,1000,6,0.006,4,0.02,4,0.02
frozen,max,2,complete,200,403.2889850779996,,41,781,41,True,94,5,470,1000,11,0.011,6,0.03,6,0.03
uniform,int2float,0,complete,200,134.335739704,,3,45,3,True,103,5,515,1000,853,0.853,200,1.0,149,0.745
uniform,int2float,1,complete,200,136.32673392300012,,3,45,3,True,39,5,195,1000,894,0.894,200,1.0,161,0.805
uniform,int2float,2,complete,200,136.00000304099993,,3,45,3,True,48,4,239,1000,890,0.89,200,1.0,166,0.83
uniform,i2c,0,complete,200,215.6909570800001,,4,312,4,True,52,5,260,1000,1000,1.0,200,1.0,200,1.0
uniform,i2c,1,complete,200,217.28430416800015,,4,313,4,True,111,5,555,1000,1000,1.0,200,1.0,200,1.0
uniform,i2c,2,complete,200,217.4877405470002,,4,310,4,True,120,5,600,1000,1000,1.0,200,1.0,200,1.0
uniform,max,0,complete,200,395.6155687520001,,41,781,41,True,185,3,923,1000,6,0.006,4,0.02,4,0.02
uniform,max,1,complete,200,397.28312254100024,,41,781,41,True,28,5,140,1000,13,0.013,7,0.035,7,0.035
uniform,max,2,complete,200,396.85169545199994,,41,781,41,True,150,3,748,1000,10,0.01,5,0.025,5,0.025
