group,circuit,seed,status,episodes,luts,levels,feasible,training_seconds
trained,int2float,0,complete,100,45,3,True,85.88139487200004
trained,int2float,1,complete,100,44,3,True,82.99596333599997
trained,int2float,2,complete,100,43,3,True,84.27051704599992
trained,i2c,0,complete,100,300,4,True,176.36332720500002
trained,i2c,1,complete,100,305,4,True,169.81248591999983
trained,i2c,2,complete,100,306,4,True,174.14063758499992
trained,max,0,complete,100,769,41,True,332.6710742059998
trained,max,1,complete,100,775,41,True,331.28127441700025
trained,max,2,complete,100,773,41,True,334.710714994
frozen,int2float,0,complete,100,44,3,True,123.117857797
frozen,int2float,1,complete,100,44,3,True,118.29859854499998
frozen,int2float,2,complete,100,43,3,True,120.87738157600009
frozen,i2c,0,complete,100,301,4,True,211.69309929199997
frozen,i2c,1,complete,100,307,4,True,206.09598221400012
frozen,i2c,2,complete,100,306,4,True,209.37318134000006
frozen,max,0,complete,100,763,41,True,398.8456029939999
frozen,max,1,complete,100,775,41,True,396.8306364539998
frozen,max,2,complete,100,773,41,True,400.18273407600026
uniform,int2float,0,complete,100,44,3,True,131.66120104900003
uniform,int2float,1,complete,100,44,3,True,133.187764458
uniform,int2float,2,complete,100,44,3,True,131.784162663
uniform,i2c,0,complete,100,304,4,True,206.08990404099998
uniform,i2c,1,complete,100,304,4,True,207.77382795399998
uniform,i2c,2,complete,100,305,4,True,207.79489170800014
uniform,max,0,complete,100,769,41,True,383.0343845429999
uniform,max,1,complete,100,778,41,True,385.49151650399995
uniform,max,2,complete,100,777,41,True,384.0654322079998
