circuit,seed,old_luts,new_luts,old_levels,new_levels,lut_reduction,outcome,old_training_seconds,new_training_seconds
int2float,0,45,45,3,3,0,tie,85.04925783700004,92.51763279299998
int2float,1,44,44,3,3,0,tie,81.836220491,88.55737182600002
int2float,2,43,43,3,3,0,tie,83.477426378,90.50899587900003
i2c,0,300,300,4,4,0,tie,197.47692896100014,244.89085529099998
i2c,1,305,305,4,4,0,tie,189.32257678800013,233.87890633500027
i2c,2,306,306,4,4,0,tie,195.2062330389999,243.74012337800013
max,0,769,769,41,41,0,tie,502.85648466499987,484.6657304560002
max,1,775,775,41,41,0,tie,501.6508722959997,478.76351525399974
max,2,773,773,41,41,0,tie,501.89187058499965,478.2297305380001
