strategy,circuit,seed,episode,actions_completed,best_feasible_luts,best_feasible_levels
old,int2float,0,1,10,46,3
old,int2float,0,2,20,46,3
old,int2float,0,3,30,46,3
old,int2float,0,4,40,46,3
old,int2float,0,5,50,46,3
old,int2float,0,6,60,46,3
old,int2float,0,7,70,46,3
old,int2float,0,8,80,46,3
old,int2float,0,9,90,45,3
old,int2float,0,10,100,45,3
old,int2float,0,11,110,45,3
old,int2float,0,12,120,45,3
old,int2float,0,13,130,45,3
old,int2float,0,14,140,45,3
old,int2float,0,15,150,45,3
old,int2float,0,16,160,45,3
old,int2float,0,17,170,45,3
old,int2float,0,18,180,45,3
old,int2float,0,19,190,45,3
old,int2float,0,20,200,45,3
old,int2float,0,21,210,45,3
old,int2float,0,22,220,45,3
old,int2float,0,23,230,45,3
old,int2float,0,24,240,45,3
old,int2float,0,25,250,45,3
old,int2float,0,26,260,45,3
old,int2float,0,27,270,45,3
old,int2float,0,28,280,45,3
old,int2float,0,29,290,45,3
old,int2float,0,30,300,45,3
old,int2float,0,31,310,45,3
old,int2float,0,32,320,45,3
old,int2float,0,33,330,45,3
old,int2float,0,34,340,45,3
old,int2float,0,35,350,45,3
old,int2float,0,36,360,45,3
old,int2float,0,37,370,45,3
old,int2float,0,38,380,45,3
old,int2float,0,39,390,45,3
old,int2float,0,40,400,45,3
old,int2float,0,41,410,45,3
old,int2float,0,42,420,45,3
old,int2float,0,43,430,45,3
old,int2float,0,44,440,45,3
old,int2float,0,45,450,45,3
old,int2float,0,46,460,45,3
old,int2float,0,47,470,45,3
old,int2float,0,48,480,45,3
old,int2float,0,49,490,45,3
old,int2float,0,50,500,45,3
old,int2float,0,51,510,45,3
old,int2float,0,52,520,45,3
old,int2float,0,53,530,45,3
old,int2float,0,54,540,45,3
old,int2float,0,55,550,45,3
old,int2float,0,56,560,45,3
old,int2float,0,57,570,45,3
old,int2float,0,58,580,45,3
old,int2float,0,59,590,45,3
old,int2float,0,60,600,45,3
old,int2float,0,61,610,45,3
old,int2float,0,62,620,45,3
old,int2float,0,63,630,45,3
old,int2float,0,64,640,45,3
old,int2float,0,65,650,45,3
old,int2float,0,66,660,45,3
old,int2float,0,67,670,45,3
old,int2float,0,68,680,45,3
old,int2float,0,69,690,45,3
old,int2float,0,70,700,45,3
old,int2float,0,71,710,45,3
old,int2float,0,72,720,45,3
old,int2float,0,73,730,45,3
old,int2float,0,74,740,45,3
old,int2float,0,75,750,45,3
old,int2float,0,76,760,45,3
old,int2float,0,77,770,45,3
old,int2float,0,78,780,45,3
old,int2float,0,79,790,45,3
old,int2float,0,80,800,45,3
old,int2float,0,81,810,45,3
old,int2float,0,82,820,45,3
old,int2float,0,83,830,45,3
old,int2float,0,84,840,45,3
old,int2float,0,85,850,45,3
old,int2float,0,86,860,45,3
old,int2float,0,87,870,45,3
old,int2float,0,88,880,45,3
old,int2float,0,89,890,45,3
old,int2float,0,90,900,45,3
old,int2float,0,91,910,45,3
old,int2float,0,92,920,45,3
old,int2float,0,93,930,45,3
old,int2float,0,94,940,45,3
old,int2float,0,95,950,45,3
old,int2float,0,96,960,45,3
old,int2float,0,97,970,45,3
old,int2float,0,98,980,45,3
old,int2float,0,99,990,45,3
old,int2float,0,100,1000,45,3
old,int2float,1,1,10,46,3
old,int2float,1,2,20,46,3
old,int2float,1,3,30,46,3
old,int2float,1,4,40,46,3
old,int2float,1,5,50,46,3
old,int2float,1,6,60,46,3
old,int2float,1,7,70,44,3
old,int2float,1,8,80,44,3
old,int2float,1,9,90,44,3
old,int2float,1,10,100,44,3
old,int2float,1,11,110,44,3
old,int2float,1,12,120,44,3
old,int2float,1,13,130,44,3
old,int2float,1,14,140,44,3
old,int2float,1,15,150,44,3
old,int2float,1,16,160,44,3
old,int2float,1,17,170,44,3
old,int2float,1,18,180,44,3
old,int2float,1,19,190,44,3
old,int2float,1,20,200,44,3
old,int2float,1,21,210,44,3
old,int2float,1,22,220,44,3
old,int2float,1,23,230,44,3
old,int2float,1,24,240,44,3
old,int2float,1,25,250,44,3
old,int2float,1,26,260,44,3
old,int2float,1,27,270,44,3
old,int2float,1,28,280,44,3
old,int2float,1,29,290,44,3
old,int2float,1,30,300,44,3
old,int2float,1,31,310,44,3
old,int2float,1,32,320,44,3
old,int2float,1,33,330,44,3
old,int2float,1,34,340,44,3
old,int2float,1,35,350,44,3
old,int2float,1,36,360,44,3
old,int2float,1,37,370,44,3
old,int2float,1,38,380,44,3
old,int2float,1,39,390,44,3
old,int2float,1,40,400,44,3
old,int2float,1,41,410,44,3
old,int2float,1,42,420,44,3
old,int2float,1,43,430,44,3
old,int2float,1,44,440,44,3
old,int2float,1,45,450,44,3
old,int2float,1,46,460,44,3
old,int2float,1,47,470,44,3
old,int2float,1,48,480,44,3
old,int2float,1,49,490,44,3
old,int2float,1,50,500,44,3
old,int2float,1,51,510,44,3
old,int2float,1,52,520,44,3
old,int2float,1,53,530,44,3
old,int2float,1,54,540,44,3
old,int2float,1,55,550,44,3
old,int2float,1,56,560,44,3
old,int2float,1,57,570,44,3
old,int2float,1,58,580,44,3
old,int2float,1,59,590,44,3
old,int2float,1,60,600,44,3
old,int2float,1,61,610,44,3
old,int2float,1,62,620,44,3
old,int2float,1,63,630,44,3
old,int2float,1,64,640,44,3
old,int2float,1,65,650,44,3
old,int2float,1,66,660,44,3
old,int2float,1,67,670,44,3
old,int2float,1,68,680,44,3
old,int2float,1,69,690,44,3
old,int2float,1,70,700,44,3
old,int2float,1,71,710,44,3
old,int2float,1,72,720,44,3
old,int2float,1,73,730,44,3
old,int2float,1,74,740,44,3
old,int2float,1,75,750,44,3
old,int2float,1,76,760,44,3
old,int2float,1,77,770,44,3
old,int2float,1,78,780,44,3
old,int2float,1,79,790,44,3
old,int2float,1,80,800,44,3
old,int2float,1,81,810,44,3
old,int2float,1,82,820,44,3
old,int2float,1,83,830,44,3
old,int2float,1,84,840,44,3
old,int2float,1,85,850,44,3
old,int2float,1,86,860,44,3
old,int2float,1,87,870,44,3
old,int2float,1,88,880,44,3
old,int2float,1,89,890,44,3
old,int2float,1,90,900,44,3
old,int2float,1,91,910,44,3
old,int2float,1,92,920,44,3
old,int2float,1,93,930,44,3
old,int2float,1,94,940,44,3
old,int2float,1,95,950,44,3
old,int2float,1,96,960,44,3
old,int2float,1,97,970,44,3
old,int2float,1,98,980,44,3
old,int2float,1,99,990,44,3
old,int2float,1,100,1000,44,3
old,int2float,2,1,10,46,3
old,int2float,2,2,20,46,3
old,int2float,2,3,30,46,3
old,int2float,2,4,40,46,3
old,int2float,2,5,50,46,3
old,int2float,2,6,60,46,3
old,int2float,2,7,70,46,3
old,int2float,2,8,80,46,3
old,int2float,2,9,90,46,3
old,int2float,2,10,100,46,3
old,int2float,2,11,110,46,3
old,int2float,2,12,120,46,3
old,int2float,2,13,130,46,3
old,int2float,2,14,140,46,3
old,int2float,2,15,150,45,3
old,int2float,2,16,160,45,3
old,int2float,2,17,170,45,3
old,int2float,2,18,180,45,3
old,int2float,2,19,190,45,3
old,int2float,2,20,200,45,3
old,int2float,2,21,210,45,3
old,int2float,2,22,220,45,3
old,int2float,2,23,230,45,3
old,int2float,2,24,240,45,3
old,int2float,2,25,250,45,3
old,int2float,2,26,260,45,3
old,int2float,2,27,270,45,3
old,int2float,2,28,280,45,3
old,int2float,2,29,290,45,3
old,int2float,2,30,300,45,3
old,int2float,2,31,310,45,3
old,int2float,2,32,320,45,3
old,int2float,2,33,330,45,3
old,int2float,2,34,340,45,3
old,int2float,2,35,350,45,3
old,int2float,2,36,360,45,3
old,int2float,2,37,370,45,3
old,int2float,2,38,380,45,3
old,int2float,2,39,390,45,3
old,int2float,2,40,400,45,3
old,int2float,2,41,410,45,3
old,int2float,2,42,420,45,3
old,int2float,2,43,430,45,3
old,int2float,2,44,440,45,3
old,int2float,2,45,450,45,3
old,int2float,2,46,460,45,3
old,int2float,2,47,470,45,3
old,int2float,2,48,480,45,3
old,int2float,2,49,490,45,3
old,int2float,2,50,500,45,3
old,int2float,2,51,510,44,3
old,int2float,2,52,520,44,3
old,int2float,2,53,530,44,3
old,int2float,2,54,540,44,3
old,int2float,2,55,550,44,3
old,int2float,2,56,560,44,3
old,int2float,2,57,570,44,3
old,int2float,2,58,580,44,3
old,int2float,2,59,590,44,3
old,int2float,2,60,600,44,3
old,int2float,2,61,610,44,3
old,int2float,2,62,620,44,3
old,int2float,2,63,630,44,3
old,int2float,2,64,640,44,3
old,int2float,2,65,650,44,3
old,int2float,2,66,660,44,3
old,int2float,2,67,670,44,3
old,int2float,2,68,680,44,3
old,int2float,2,69,690,44,3
old,int2float,2,70,700,44,3
old,int2float,2,71,710,44,3
old,int2float,2,72,720,44,3
old,int2float,2,73,730,44,3
old,int2float,2,74,740,44,3
old,int2float,2,75,750,44,3
old,int2float,2,76,760,44,3
old,int2float,2,77,770,44,3
old,int2float,2,78,780,44,3
old,int2float,2,79,790,44,3
old,int2float,2,80,800,44,3
old,int2float,2,81,810,44,3
old,int2float,2,82,820,44,3
old,int2float,2,83,830,44,3
old,int2float,2,84,840,44,3
old,int2float,2,85,850,44,3
old,int2float,2,86,860,44,3
old,int2float,2,87,870,44,3
old,int2float,2,88,880,44,3
old,int2float,2,89,890,44,3
old,int2float,2,90,900,44,3
old,int2float,2,91,910,44,3
old,int2float,2,92,920,44,3
old,int2float,2,93,930,44,3
old,int2float,2,94,940,44,3
old,int2float,2,95,950,44,3
old,int2float,2,96,960,44,3
old,int2float,2,97,970,43,3
old,int2float,2,98,980,43,3
old,int2float,2,99,990,43,3
old,int2float,2,100,1000,43,3
old,i2c,0,1,10,317,4
old,i2c,0,2,20,317,4
old,i2c,0,3,30,317,4
old,i2c,0,4,40,317,4
old,i2c,0,5,50,317,4
old,i2c,0,6,60,309,4
old,i2c,0,7,70,307,4
old,i2c,0,8,80,307,4
old,i2c,0,9,90,307,4
old,i2c,0,10,100,307,4
old,i2c,0,11,110,307,4
old,i2c,0,12,120,307,4
old,i2c,0,13,130,307,4
old,i2c,0,14,140,307,4
old,i2c,0,15,150,307,4
old,i2c,0,16,160,307,4
old,i2c,0,17,170,307,4
old,i2c,0,18,180,307,4
old,i2c,0,19,190,307,4
old,i2c,0,20,200,307,4
old,i2c,0,21,210,307,4
old,i2c,0,22,220,307,4
old,i2c,0,23,230,300,4
old,i2c,0,24,240,300,4
old,i2c,0,25,250,300,4
old,i2c,0,26,260,300,4
old,i2c,0,27,270,300,4
old,i2c,0,28,280,300,4
old,i2c,0,29,290,300,4
old,i2c,0,30,300,300,4
old,i2c,0,31,310,300,4
old,i2c,0,32,320,300,4
old,i2c,0,33,330,300,4
old,i2c,0,34,340,300,4
old,i2c,0,35,350,300,4
old,i2c,0,36,360,300,4
old,i2c,0,37,370,300,4
old,i2c,0,38,380,300,4
old,i2c,0,39,390,300,4
old,i2c,0,40,400,300,4
old,i2c,0,41,410,300,4
old,i2c,0,42,420,300,4
old,i2c,0,43,430,300,4
old,i2c,0,44,440,300,4
old,i2c,0,45,450,300,4
old,i2c,0,46,460,300,4
old,i2c,0,47,470,300,4
old,i2c,0,48,480,300,4
old,i2c,0,49,490,300,4
old,i2c,0,50,500,300,4
old,i2c,0,51,510,300,4
old,i2c,0,52,520,300,4
old,i2c,0,53,530,300,4
old,i2c,0,54,540,300,4
old,i2c,0,55,550,300,4
old,i2c,0,56,560,300,4
old,i2c,0,57,570,300,4
old,i2c,0,58,580,300,4
old,i2c,0,59,590,300,4
old,i2c,0,60,600,300,4
old,i2c,0,61,610,300,4
old,i2c,0,62,620,300,4
old,i2c,0,63,630,300,4
old,i2c,0,64,640,300,4
old,i2c,0,65,650,300,4
old,i2c,0,66,660,300,4
old,i2c,0,67,670,300,4
old,i2c,0,68,680,300,4
old,i2c,0,69,690,300,4
old,i2c,0,70,700,300,4
old,i2c,0,71,710,300,4
old,i2c,0,72,720,300,4
old,i2c,0,73,730,300,4
old,i2c,0,74,740,300,4
old,i2c,0,75,750,300,4
old,i2c,0,76,760,300,4
old,i2c,0,77,770,300,4
old,i2c,0,78,780,300,4
old,i2c,0,79,790,300,4
old,i2c,0,80,800,300,4
old,i2c,0,81,810,300,4
old,i2c,0,82,820,300,4
old,i2c,0,83,830,300,4
old,i2c,0,84,840,300,4
old,i2c,0,85,850,300,4
old,i2c,0,86,860,300,4
old,i2c,0,87,870,300,4
old,i2c,0,88,880,300,4
old,i2c,0,89,890,300,4
old,i2c,0,90,900,300,4
old,i2c,0,91,910,300,4
old,i2c,0,92,920,300,4
old,i2c,0,93,930,300,4
old,i2c,0,94,940,300,4
old,i2c,0,95,950,300,4
old,i2c,0,96,960,300,4
old,i2c,0,97,970,300,4
old,i2c,0,98,980,300,4
old,i2c,0,99,990,300,4
old,i2c,0,100,1000,300,4
old,i2c,1,1,10,330,4
old,i2c,1,2,20,330,4
old,i2c,1,3,30,321,4
old,i2c,1,4,40,319,4
old,i2c,1,5,50,312,4
old,i2c,1,6,60,312,4
old,i2c,1,7,70,311,4
old,i2c,1,8,80,311,4
old,i2c,1,9,90,311,4
old,i2c,1,10,100,311,4
old,i2c,1,11,110,311,4
old,i2c,1,12,120,311,4
old,i2c,1,13,130,311,4
old,i2c,1,14,140,311,4
old,i2c,1,15,150,311,4
old,i2c,1,16,160,311,4
old,i2c,1,17,170,311,4
old,i2c,1,18,180,311,4
old,i2c,1,19,190,311,4
old,i2c,1,20,200,311,4
old,i2c,1,21,210,311,4
old,i2c,1,22,220,311,4
old,i2c,1,23,230,311,4
old,i2c,1,24,240,311,4
old,i2c,1,25,250,311,4
old,i2c,1,26,260,311,4
old,i2c,1,27,270,311,4
old,i2c,1,28,280,311,4
old,i2c,1,29,290,311,4
old,i2c,1,30,300,311,4
old,i2c,1,31,310,311,4
old,i2c,1,32,320,311,4
old,i2c,1,33,330,311,4
old,i2c,1,34,340,311,4
old,i2c,1,35,350,311,4
old,i2c,1,36,360,311,4
old,i2c,1,37,370,311,4
old,i2c,1,38,380,311,4
old,i2c,1,39,390,311,4
old,i2c,1,40,400,311,4
old,i2c,1,41,410,311,4
old,i2c,1,42,420,311,4
old,i2c,1,43,430,311,4
old,i2c,1,44,440,311,4
old,i2c,1,45,450,311,4
old,i2c,1,46,460,311,4
old,i2c,1,47,470,311,4
old,i2c,1,48,480,311,4
old,i2c,1,49,490,311,4
old,i2c,1,50,500,311,4
old,i2c,1,51,510,305,4
old,i2c,1,52,520,305,4
old,i2c,1,53,530,305,4
old,i2c,1,54,540,305,4
old,i2c,1,55,550,305,4
old,i2c,1,56,560,305,4
old,i2c,1,57,570,305,4
old,i2c,1,58,580,305,4
old,i2c,1,59,590,305,4
old,i2c,1,60,600,305,4
old,i2c,1,61,610,305,4
old,i2c,1,62,620,305,4
old,i2c,1,63,630,305,4
old,i2c,1,64,640,305,4
old,i2c,1,65,650,305,4
old,i2c,1,66,660,305,4
old,i2c,1,67,670,305,4
old,i2c,1,68,680,305,4
old,i2c,1,69,690,305,4
old,i2c,1,70,700,305,4
old,i2c,1,71,710,305,4
old,i2c,1,72,720,305,4
old,i2c,1,73,730,305,4
old,i2c,1,74,740,305,4
old,i2c,1,75,750,305,4
old,i2c,1,76,760,305,4
old,i2c,1,77,770,305,4
old,i2c,1,78,780,305,4
old,i2c,1,79,790,305,4
old,i2c,1,80,800,305,4
old,i2c,1,81,810,305,4
old,i2c,1,82,820,305,4
old,i2c,1,83,830,305,4
old,i2c,1,84,840,305,4
old,i2c,1,85,850,305,4
old,i2c,1,86,860,305,4
old,i2c,1,87,870,305,4
old,i2c,1,88,880,305,4
old,i2c,1,89,890,305,4
old,i2c,1,90,900,305,4
old,i2c,1,91,910,305,4
old,i2c,1,92,920,305,4
old,i2c,1,93,930,305,4
old,i2c,1,94,940,305,4
old,i2c,1,95,950,305,4
old,i2c,1,96,960,305,4
old,i2c,1,97,970,305,4
old,i2c,1,98,980,305,4
old,i2c,1,99,990,305,4
old,i2c,1,100,1000,305,4
old,i2c,2,1,10,323,4
old,i2c,2,2,20,310,4
old,i2c,2,3,30,310,4
old,i2c,2,4,40,310,4
old,i2c,2,5,50,310,4
old,i2c,2,6,60,310,4
old,i2c,2,7,70,310,4
old,i2c,2,8,80,310,4
old,i2c,2,9,90,310,4
old,i2c,2,10,100,310,4
old,i2c,2,11,110,310,4
old,i2c,2,12,120,310,4
old,i2c,2,13,130,310,4
old,i2c,2,14,140,310,4
old,i2c,2,15,150,310,4
old,i2c,2,16,160,310,4
old,i2c,2,17,170,310,4
old,i2c,2,18,180,310,4
old,i2c,2,19,190,310,4
old,i2c,2,20,200,310,4
old,i2c,2,21,210,310,4
old,i2c,2,22,220,310,4
old,i2c,2,23,230,310,4
old,i2c,2,24,240,310,4
old,i2c,2,25,250,310,4
old,i2c,2,26,260,310,4
old,i2c,2,27,270,310,4
old,i2c,2,28,280,310,4
old,i2c,2,29,290,310,4
old,i2c,2,30,300,310,4
old,i2c,2,31,310,310,4
old,i2c,2,32,320,310,4
old,i2c,2,33,330,310,4
old,i2c,2,34,340,310,4
old,i2c,2,35,350,310,4
old,i2c,2,36,360,310,4
old,i2c,2,37,370,310,4
old,i2c,2,38,380,310,4
old,i2c,2,39,390,310,4
old,i2c,2,40,400,310,4
old,i2c,2,41,410,310,4
old,i2c,2,42,420,310,4
old,i2c,2,43,430,310,4
old,i2c,2,44,440,310,4
old,i2c,2,45,450,310,4
old,i2c,2,46,460,310,4
old,i2c,2,47,470,310,4
old,i2c,2,48,480,310,4
old,i2c,2,49,490,310,4
old,i2c,2,50,500,310,4
old,i2c,2,51,510,310,4
old,i2c,2,52,520,309,4
old,i2c,2,53,530,309,4
old,i2c,2,54,540,309,4
old,i2c,2,55,550,309,4
old,i2c,2,56,560,309,4
old,i2c,2,57,570,309,4
old,i2c,2,58,580,309,4
old,i2c,2,59,590,309,4
old,i2c,2,60,600,309,4
old,i2c,2,61,610,309,4
old,i2c,2,62,620,309,4
old,i2c,2,63,630,309,4
old,i2c,2,64,640,309,4
old,i2c,2,65,650,309,4
old,i2c,2,66,660,309,4
old,i2c,2,67,670,309,4
old,i2c,2,68,680,309,4
old,i2c,2,69,690,309,4
old,i2c,2,70,700,309,4
old,i2c,2,71,710,306,4
old,i2c,2,72,720,306,4
old,i2c,2,73,730,306,4
old,i2c,2,74,740,306,4
old,i2c,2,75,750,306,4
old,i2c,2,76,760,306,4
old,i2c,2,77,770,306,4
old,i2c,2,78,780,306,4
old,i2c,2,79,790,306,4
old,i2c,2,80,800,306,4
old,i2c,2,81,810,306,4
old,i2c,2,82,820,306,4
old,i2c,2,83,830,306,4
old,i2c,2,84,840,306,4
old,i2c,2,85,850,306,4
old,i2c,2,86,860,306,4
old,i2c,2,87,870,306,4
old,i2c,2,88,880,306,4
old,i2c,2,89,890,306,4
old,i2c,2,90,900,306,4
old,i2c,2,91,910,306,4
old,i2c,2,92,920,306,4
old,i2c,2,93,930,306,4
old,i2c,2,94,940,306,4
old,i2c,2,95,950,306,4
old,i2c,2,96,960,306,4
old,i2c,2,97,970,306,4
old,i2c,2,98,980,306,4
old,i2c,2,99,990,306,4
old,i2c,2,100,1000,306,4
old,max,0,1,10,786,41
old,max,0,2,20,786,41
old,max,0,3,30,786,41
old,max,0,4,40,786,41
old,max,0,5,50,786,41
old,max,0,6,60,786,41
old,max,0,7,70,786,41
old,max,0,8,80,786,41
old,max,0,9,90,786,41
old,max,0,10,100,786,41
old,max,0,11,110,786,41
old,max,0,12,120,786,41
old,max,0,13,130,786,41
old,max,0,14,140,786,41
old,max,0,15,150,786,41
old,max,0,16,160,786,41
old,max,0,17,170,786,41
old,max,0,18,180,786,41
old,max,0,19,190,786,41
old,max,0,20,200,786,41
old,max,0,21,210,786,41
old,max,0,22,220,786,41
old,max,0,23,230,786,41
old,max,0,24,240,786,41
old,max,0,25,250,786,41
old,max,0,26,260,786,41
old,max,0,27,270,786,41
old,max,0,28,280,769,41
old,max,0,29,290,769,41
old,max,0,30,300,769,41
old,max,0,31,310,769,41
old,max,0,32,320,769,41
old,max,0,33,330,769,41
old,max,0,34,340,769,41
old,max,0,35,350,769,41
old,max,0,36,360,769,41
old,max,0,37,370,769,41
old,max,0,38,380,769,41
old,max,0,39,390,769,41
old,max,0,40,400,769,41
old,max,0,41,410,769,41
old,max,0,42,420,769,41
old,max,0,43,430,769,41
old,max,0,44,440,769,41
old,max,0,45,450,769,41
old,max,0,46,460,769,41
old,max,0,47,470,769,41
old,max,0,48,480,769,41
old,max,0,49,490,769,41
old,max,0,50,500,769,41
old,max,0,51,510,769,41
old,max,0,52,520,769,41
old,max,0,53,530,769,41
old,max,0,54,540,769,41
old,max,0,55,550,769,41
old,max,0,56,560,769,41
old,max,0,57,570,769,41
old,max,0,58,580,769,41
old,max,0,59,590,769,41
old,max,0,60,600,769,41
old,max,0,61,610,769,41
old,max,0,62,620,769,41
old,max,0,63,630,769,41
old,max,0,64,640,769,41
old,max,0,65,650,769,41
old,max,0,66,660,769,41
old,max,0,67,670,769,41
old,max,0,68,680,769,41
old,max,0,69,690,769,41
old,max,0,70,700,769,41
old,max,0,71,710,769,41
old,max,0,72,720,769,41
old,max,0,73,730,769,41
old,max,0,74,740,769,41
old,max,0,75,750,769,41
old,max,0,76,760,769,41
old,max,0,77,770,769,41
old,max,0,78,780,769,41
old,max,0,79,790,769,41
old,max,0,80,800,769,41
old,max,0,81,810,769,41
old,max,0,82,820,769,41
old,max,0,83,830,769,41
old,max,0,84,840,769,41
old,max,0,85,850,769,41
old,max,0,86,860,769,41
old,max,0,87,870,769,41
old,max,0,88,880,769,41
old,max,0,89,890,769,41
old,max,0,90,900,769,41
old,max,0,91,910,769,41
old,max,0,92,920,769,41
old,max,0,93,930,769,41
old,max,0,94,940,769,41
old,max,0,95,950,769,41
old,max,0,96,960,769,41
old,max,0,97,970,769,41
old,max,0,98,980,769,41
old,max,0,99,990,769,41
old,max,0,100,1000,769,41
old,max,1,1,10,,
old,max,1,2,20,,
old,max,1,3,30,,
old,max,1,4,40,,
old,max,1,5,50,785,41
old,max,1,6,60,785,41
old,max,1,7,70,775,41
old,max,1,8,80,775,41
old,max,1,9,90,775,41
old,max,1,10,100,775,41
old,max,1,11,110,775,41
old,max,1,12,120,775,41
old,max,1,13,130,775,41
old,max,1,14,140,775,41
old,max,1,15,150,775,41
old,max,1,16,160,775,41
old,max,1,17,170,775,41
old,max,1,18,180,775,41
old,max,1,19,190,775,41
old,max,1,20,200,775,41
old,max,1,21,210,775,41
old,max,1,22,220,775,41
old,max,1,23,230,775,41
old,max,1,24,240,775,41
old,max,1,25,250,775,41
old,max,1,26,260,775,41
old,max,1,27,270,775,41
old,max,1,28,280,775,41
old,max,1,29,290,775,41
old,max,1,30,300,775,41
old,max,1,31,310,775,41
old,max,1,32,320,775,41
old,max,1,33,330,775,41
old,max,1,34,340,775,41
old,max,1,35,350,775,41
old,max,1,36,360,775,41
old,max,1,37,370,775,41
old,max,1,38,380,775,41
old,max,1,39,390,775,41
old,max,1,40,400,775,41
old,max,1,41,410,775,41
old,max,1,42,420,775,41
old,max,1,43,430,775,41
old,max,1,44,440,775,41
old,max,1,45,450,775,41
old,max,1,46,460,775,41
old,max,1,47,470,775,41
old,max,1,48,480,775,41
old,max,1,49,490,775,41
old,max,1,50,500,775,41
old,max,1,51,510,775,41
old,max,1,52,520,775,41
old,max,1,53,530,775,41
old,max,1,54,540,775,41
old,max,1,55,550,775,41
old,max,1,56,560,775,41
old,max,1,57,570,775,41
old,max,1,58,580,775,41
old,max,1,59,590,775,41
old,max,1,60,600,775,41
old,max,1,61,610,775,41
old,max,1,62,620,775,41
old,max,1,63,630,775,41
old,max,1,64,640,775,41
old,max,1,65,650,775,41
old,max,1,66,660,775,41
old,max,1,67,670,775,41
old,max,1,68,680,775,41
old,max,1,69,690,775,41
old,max,1,70,700,775,41
old,max,1,71,710,775,41
old,max,1,72,720,775,41
old,max,1,73,730,775,41
old,max,1,74,740,775,41
old,max,1,75,750,775,41
old,max,1,76,760,775,41
old,max,1,77,770,775,41
old,max,1,78,780,775,41
old,max,1,79,790,775,41
old,max,1,80,800,775,41
old,max,1,81,810,775,41
old,max,1,82,820,775,41
old,max,1,83,830,775,41
old,max,1,84,840,775,41
old,max,1,85,850,775,41
old,max,1,86,860,775,41
old,max,1,87,870,775,41
old,max,1,88,880,775,41
old,max,1,89,890,775,41
old,max,1,90,900,775,41
old,max,1,91,910,775,41
old,max,1,92,920,775,41
old,max,1,93,930,775,41
old,max,1,94,940,775,41
old,max,1,95,950,775,41
old,max,1,96,960,775,41
old,max,1,97,970,775,41
old,max,1,98,980,775,41
old,max,1,99,990,775,41
old,max,1,100,1000,775,41
old,max,2,1,10,,
old,max,2,2,20,,
old,max,2,3,30,777,41
old,max,2,4,40,777,41
old,max,2,5,50,777,41
old,max,2,6,60,777,41
old,max,2,7,70,777,41
old,max,2,8,80,773,41
old,max,2,9,90,773,41
old,max,2,10,100,773,41
old,max,2,11,110,773,41
old,max,2,12,120,773,41
old,max,2,13,130,773,41
old,max,2,14,140,773,41
old,max,2,15,150,773,41
old,max,2,16,160,773,41
old,max,2,17,170,773,41
old,max,2,18,180,773,41
old,max,2,19,190,773,41
old,max,2,20,200,773,41
old,max,2,21,210,773,41
old,max,2,22,220,773,41
old,max,2,23,230,773,41
old,max,2,24,240,773,41
old,max,2,25,250,773,41
old,max,2,26,260,773,41
old,max,2,27,270,773,41
old,max,2,28,280,773,41
old,max,2,29,290,773,41
old,max,2,30,300,773,41
old,max,2,31,310,773,41
old,max,2,32,320,773,41
old,max,2,33,330,773,41
old,max,2,34,340,773,41
old,max,2,35,350,773,41
old,max,2,36,360,773,41
old,max,2,37,370,773,41
old,max,2,38,380,773,41
old,max,2,39,390,773,41
old,max,2,40,400,773,41
old,max,2,41,410,773,41
old,max,2,42,420,773,41
old,max,2,43,430,773,41
old,max,2,44,440,773,41
old,max,2,45,450,773,41
old,max,2,46,460,773,41
old,max,2,47,470,773,41
old,max,2,48,480,773,41
old,max,2,49,490,773,41
old,max,2,50,500,773,41
old,max,2,51,510,773,41
old,max,2,52,520,773,41
old,max,2,53,530,773,41
old,max,2,54,540,773,41
old,max,2,55,550,773,41
old,max,2,56,560,773,41
old,max,2,57,570,773,41
old,max,2,58,580,773,41
old,max,2,59,590,773,41
old,max,2,60,600,773,41
old,max,2,61,610,773,41
old,max,2,62,620,773,41
old,max,2,63,630,773,41
old,max,2,64,640,773,41
old,max,2,65,650,773,41
old,max,2,66,660,773,41
old,max,2,67,670,773,41
old,max,2,68,680,773,41
old,max,2,69,690,773,41
old,max,2,70,700,773,41
old,max,2,71,710,773,41
old,max,2,72,720,773,41
old,max,2,73,730,773,41
old,max,2,74,740,773,41
old,max,2,75,750,773,41
old,max,2,76,760,773,41
old,max,2,77,770,773,41
old,max,2,78,780,773,41
old,max,2,79,790,773,41
old,max,2,80,800,773,41
old,max,2,81,810,773,41
old,max,2,82,820,773,41
old,max,2,83,830,773,41
old,max,2,84,840,773,41
old,max,2,85,850,773,41
old,max,2,86,860,773,41
old,max,2,87,870,773,41
old,max,2,88,880,773,41
old,max,2,89,890,773,41
old,max,2,90,900,773,41
old,max,2,91,910,773,41
old,max,2,92,920,773,41
old,max,2,93,930,773,41
old,max,2,94,940,773,41
old,max,2,95,950,773,41
old,max,2,96,960,773,41
old,max,2,97,970,773,41
old,max,2,98,980,773,41
old,max,2,99,990,773,41
old,max,2,100,1000,773,41
new,int2float,0,1,10,46,3
new,int2float,0,2,20,46,3
new,int2float,0,3,30,46,3
new,int2float,0,4,40,46,3
new,int2float,0,5,50,46,3
new,int2float,0,6,60,46,3
new,int2float,0,7,70,46,3
new,int2float,0,8,80,46,3
new,int2float,0,9,90,45,3
new,int2float,0,10,100,45,3
new,int2float,0,11,110,45,3
new,int2float,0,12,120,45,3
new,int2float,0,13,130,45,3
new,int2float,0,14,140,45,3
new,int2float,0,15,150,45,3
new,int2float,0,16,160,45,3
new,int2float,0,17,170,45,3
new,int2float,0,18,180,45,3
new,int2float,0,19,190,45,3
new,int2float,0,20,200,45,3
new,int2float,0,21,210,45,3
new,int2float,0,22,220,45,3
new,int2float,0,23,230,45,3
new,int2float,0,24,240,45,3
new,int2float,0,25,250,45,3
new,int2float,0,26,260,45,3
new,int2float,0,27,270,45,3
new,int2float,0,28,280,45,3
new,int2float,0,29,290,45,3
new,int2float,0,30,300,45,3
new,int2float,0,31,310,45,3
new,int2float,0,32,320,45,3
new,int2float,0,33,330,45,3
new,int2float,0,34,340,45,3
new,int2float,0,35,350,45,3
new,int2float,0,36,360,45,3
new,int2float,0,37,370,45,3
new,int2float,0,38,380,45,3
new,int2float,0,39,390,45,3
new,int2float,0,40,400,45,3
new,int2float,0,41,410,45,3
new,int2float,0,42,420,45,3
new,int2float,0,43,430,45,3
new,int2float,0,44,440,45,3
new,int2float,0,45,450,45,3
new,int2float,0,46,460,45,3
new,int2float,0,47,470,45,3
new,int2float,0,48,480,45,3
new,int2float,0,49,490,45,3
new,int2float,0,50,500,45,3
new,int2float,0,51,510,45,3
new,int2float,0,52,520,45,3
new,int2float,0,53,530,45,3
new,int2float,0,54,540,45,3
new,int2float,0,55,550,45,3
new,int2float,0,56,560,45,3
new,int2float,0,57,570,45,3
new,int2float,0,58,580,45,3
new,int2float,0,59,590,45,3
new,int2float,0,60,600,45,3
new,int2float,0,61,610,45,3
new,int2float,0,62,620,45,3
new,int2float,0,63,630,45,3
new,int2float,0,64,640,45,3
new,int2float,0,65,650,45,3
new,int2float,0,66,660,45,3
new,int2float,0,67,670,45,3
new,int2float,0,68,680,45,3
new,int2float,0,69,690,45,3
new,int2float,0,70,700,45,3
new,int2float,0,71,710,45,3
new,int2float,0,72,720,45,3
new,int2float,0,73,730,45,3
new,int2float,0,74,740,45,3
new,int2float,0,75,750,45,3
new,int2float,0,76,760,45,3
new,int2float,0,77,770,45,3
new,int2float,0,78,780,45,3
new,int2float,0,79,790,45,3
new,int2float,0,80,800,45,3
new,int2float,0,81,810,45,3
new,int2float,0,82,820,45,3
new,int2float,0,83,830,45,3
new,int2float,0,84,840,45,3
new,int2float,0,85,850,45,3
new,int2float,0,86,860,45,3
new,int2float,0,87,870,45,3
new,int2float,0,88,880,45,3
new,int2float,0,89,890,45,3
new,int2float,0,90,900,45,3
new,int2float,0,91,910,45,3
new,int2float,0,92,920,45,3
new,int2float,0,93,930,45,3
new,int2float,0,94,940,45,3
new,int2float,0,95,950,45,3
new,int2float,0,96,960,45,3
new,int2float,0,97,970,45,3
new,int2float,0,98,980,45,3
new,int2float,0,99,990,45,3
new,int2float,0,100,1000,45,3
new,int2float,1,1,10,46,3
new,int2float,1,2,20,46,3
new,int2float,1,3,30,46,3
new,int2float,1,4,40,46,3
new,int2float,1,5,50,46,3
new,int2float,1,6,60,46,3
new,int2float,1,7,70,44,3
new,int2float,1,8,80,44,3
new,int2float,1,9,90,44,3
new,int2float,1,10,100,44,3
new,int2float,1,11,110,44,3
new,int2float,1,12,120,44,3
new,int2float,1,13,130,44,3
new,int2float,1,14,140,44,3
new,int2float,1,15,150,44,3
new,int2float,1,16,160,44,3
new,int2float,1,17,170,44,3
new,int2float,1,18,180,44,3
new,int2float,1,19,190,44,3
new,int2float,1,20,200,44,3
new,int2float,1,21,210,44,3
new,int2float,1,22,220,44,3
new,int2float,1,23,230,44,3
new,int2float,1,24,240,44,3
new,int2float,1,25,250,44,3
new,int2float,1,26,260,44,3
new,int2float,1,27,270,44,3
new,int2float,1,28,280,44,3
new,int2float,1,29,290,44,3
new,int2float,1,30,300,44,3
new,int2float,1,31,310,44,3
new,int2float,1,32,320,44,3
new,int2float,1,33,330,44,3
new,int2float,1,34,340,44,3
new,int2float,1,35,350,44,3
new,int2float,1,36,360,44,3
new,int2float,1,37,370,44,3
new,int2float,1,38,380,44,3
new,int2float,1,39,390,44,3
new,int2float,1,40,400,44,3
new,int2float,1,41,410,44,3
new,int2float,1,42,420,44,3
new,int2float,1,43,430,44,3
new,int2float,1,44,440,44,3
new,int2float,1,45,450,44,3
new,int2float,1,46,460,44,3
new,int2float,1,47,470,44,3
new,int2float,1,48,480,44,3
new,int2float,1,49,490,44,3
new,int2float,1,50,500,44,3
new,int2float,1,51,510,44,3
new,int2float,1,52,520,44,3
new,int2float,1,53,530,44,3
new,int2float,1,54,540,44,3
new,int2float,1,55,550,44,3
new,int2float,1,56,560,44,3
new,int2float,1,57,570,44,3
new,int2float,1,58,580,44,3
new,int2float,1,59,590,44,3
new,int2float,1,60,600,44,3
new,int2float,1,61,610,44,3
new,int2float,1,62,620,44,3
new,int2float,1,63,630,44,3
new,int2float,1,64,640,44,3
new,int2float,1,65,650,44,3
new,int2float,1,66,660,44,3
new,int2float,1,67,670,44,3
new,int2float,1,68,680,44,3
new,int2float,1,69,690,44,3
new,int2float,1,70,700,44,3
new,int2float,1,71,710,44,3
new,int2float,1,72,720,44,3
new,int2float,1,73,730,44,3
new,int2float,1,74,740,44,3
new,int2float,1,75,750,44,3
new,int2float,1,76,760,44,3
new,int2float,1,77,770,44,3
new,int2float,1,78,780,44,3
new,int2float,1,79,790,44,3
new,int2float,1,80,800,44,3
new,int2float,1,81,810,44,3
new,int2float,1,82,820,44,3
new,int2float,1,83,830,44,3
new,int2float,1,84,840,44,3
new,int2float,1,85,850,44,3
new,int2float,1,86,860,44,3
new,int2float,1,87,870,44,3
new,int2float,1,88,880,44,3
new,int2float,1,89,890,44,3
new,int2float,1,90,900,44,3
new,int2float,1,91,910,44,3
new,int2float,1,92,920,44,3
new,int2float,1,93,930,44,3
new,int2float,1,94,940,44,3
new,int2float,1,95,950,44,3
new,int2float,1,96,960,44,3
new,int2float,1,97,970,44,3
new,int2float,1,98,980,44,3
new,int2float,1,99,990,44,3
new,int2float,1,100,1000,44,3
new,int2float,2,1,10,46,3
new,int2float,2,2,20,46,3
new,int2float,2,3,30,46,3
new,int2float,2,4,40,46,3
new,int2float,2,5,50,46,3
new,int2float,2,6,60,46,3
new,int2float,2,7,70,46,3
new,int2float,2,8,80,46,3
new,int2float,2,9,90,46,3
new,int2float,2,10,100,46,3
new,int2float,2,11,110,46,3
new,int2float,2,12,120,46,3
new,int2float,2,13,130,46,3
new,int2float,2,14,140,46,3
new,int2float,2,15,150,44,3
new,int2float,2,16,160,44,3
new,int2float,2,17,170,44,3
new,int2float,2,18,180,44,3
new,int2float,2,19,190,44,3
new,int2float,2,20,200,44,3
new,int2float,2,21,210,44,3
new,int2float,2,22,220,44,3
new,int2float,2,23,230,44,3
new,int2float,2,24,240,44,3
new,int2float,2,25,250,44,3
new,int2float,2,26,260,44,3
new,int2float,2,27,270,44,3
new,int2float,2,28,280,44,3
new,int2float,2,29,290,44,3
new,int2float,2,30,300,44,3
new,int2float,2,31,310,44,3
new,int2float,2,32,320,44,3
new,int2float,2,33,330,44,3
new,int2float,2,34,340,44,3
new,int2float,2,35,350,44,3
new,int2float,2,36,360,44,3
new,int2float,2,37,370,44,3
new,int2float,2,38,380,44,3
new,int2float,2,39,390,44,3
new,int2float,2,40,400,44,3
new,int2float,2,41,410,44,3
new,int2float,2,42,420,44,3
new,int2float,2,43,430,44,3
new,int2float,2,44,440,44,3
new,int2float,2,45,450,44,3
new,int2float,2,46,460,44,3
new,int2float,2,47,470,44,3
new,int2float,2,48,480,44,3
new,int2float,2,49,490,44,3
new,int2float,2,50,500,44,3
new,int2float,2,51,510,44,3
new,int2float,2,52,520,44,3
new,int2float,2,53,530,44,3
new,int2float,2,54,540,44,3
new,int2float,2,55,550,44,3
new,int2float,2,56,560,44,3
new,int2float,2,57,570,44,3
new,int2float,2,58,580,44,3
new,int2float,2,59,590,44,3
new,int2float,2,60,600,44,3
new,int2float,2,61,610,44,3
new,int2float,2,62,620,44,3
new,int2float,2,63,630,44,3
new,int2float,2,64,640,44,3
new,int2float,2,65,650,44,3
new,int2float,2,66,660,44,3
new,int2float,2,67,670,44,3
new,int2float,2,68,680,44,3
new,int2float,2,69,690,44,3
new,int2float,2,70,700,44,3
new,int2float,2,71,710,44,3
new,int2float,2,72,720,44,3
new,int2float,2,73,730,44,3
new,int2float,2,74,740,44,3
new,int2float,2,75,750,44,3
new,int2float,2,76,760,44,3
new,int2float,2,77,770,44,3
new,int2float,2,78,780,44,3
new,int2float,2,79,790,44,3
new,int2float,2,80,800,44,3
new,int2float,2,81,810,44,3
new,int2float,2,82,820,44,3
new,int2float,2,83,830,44,3
new,int2float,2,84,840,44,3
new,int2float,2,85,850,44,3
new,int2float,2,86,860,44,3
new,int2float,2,87,870,44,3
new,int2float,2,88,880,44,3
new,int2float,2,89,890,44,3
new,int2float,2,90,900,44,3
new,int2float,2,91,910,44,3
new,int2float,2,92,920,44,3
new,int2float,2,93,930,44,3
new,int2float,2,94,940,44,3
new,int2float,2,95,950,44,3
new,int2float,2,96,960,44,3
new,int2float,2,97,970,43,3
new,int2float,2,98,980,43,3
new,int2float,2,99,990,43,3
new,int2float,2,100,1000,43,3
new,i2c,0,1,10,317,4
new,i2c,0,2,20,317,4
new,i2c,0,3,30,317,4
new,i2c,0,4,40,317,4
new,i2c,0,5,50,317,4
new,i2c,0,6,60,309,4
new,i2c,0,7,70,307,4
new,i2c,0,8,80,307,4
new,i2c,0,9,90,307,4
new,i2c,0,10,100,307,4
new,i2c,0,11,110,307,4
new,i2c,0,12,120,307,4
new,i2c,0,13,130,307,4
new,i2c,0,14,140,307,4
new,i2c,0,15,150,307,4
new,i2c,0,16,160,307,4
new,i2c,0,17,170,307,4
new,i2c,0,18,180,307,4
new,i2c,0,19,190,307,4
new,i2c,0,20,200,307,4
new,i2c,0,21,210,307,4
new,i2c,0,22,220,307,4
new,i2c,0,23,230,300,4
new,i2c,0,24,240,300,4
new,i2c,0,25,250,300,4
new,i2c,0,26,260,300,4
new,i2c,0,27,270,300,4
new,i2c,0,28,280,300,4
new,i2c,0,29,290,300,4
new,i2c,0,30,300,300,4
new,i2c,0,31,310,300,4
new,i2c,0,32,320,300,4
new,i2c,0,33,330,300,4
new,i2c,0,34,340,300,4
new,i2c,0,35,350,300,4
new,i2c,0,36,360,300,4
new,i2c,0,37,370,300,4
new,i2c,0,38,380,300,4
new,i2c,0,39,390,300,4
new,i2c,0,40,400,300,4
new,i2c,0,41,410,300,4
new,i2c,0,42,420,300,4
new,i2c,0,43,430,300,4
new,i2c,0,44,440,300,4
new,i2c,0,45,450,300,4
new,i2c,0,46,460,300,4
new,i2c,0,47,470,300,4
new,i2c,0,48,480,300,4
new,i2c,0,49,490,300,4
new,i2c,0,50,500,300,4
new,i2c,0,51,510,300,4
new,i2c,0,52,520,300,4
new,i2c,0,53,530,300,4
new,i2c,0,54,540,300,4
new,i2c,0,55,550,300,4
new,i2c,0,56,560,300,4
new,i2c,0,57,570,300,4
new,i2c,0,58,580,300,4
new,i2c,0,59,590,300,4
new,i2c,0,60,600,300,4
new,i2c,0,61,610,300,4
new,i2c,0,62,620,300,4
new,i2c,0,63,630,300,4
new,i2c,0,64,640,300,4
new,i2c,0,65,650,300,4
new,i2c,0,66,660,300,4
new,i2c,0,67,670,300,4
new,i2c,0,68,680,300,4
new,i2c,0,69,690,300,4
new,i2c,0,70,700,300,4
new,i2c,0,71,710,300,4
new,i2c,0,72,720,300,4
new,i2c,0,73,730,300,4
new,i2c,0,74,740,300,4
new,i2c,0,75,750,300,4
new,i2c,0,76,760,300,4
new,i2c,0,77,770,300,4
new,i2c,0,78,780,300,4
new,i2c,0,79,790,300,4
new,i2c,0,80,800,300,4
new,i2c,0,81,810,300,4
new,i2c,0,82,820,300,4
new,i2c,0,83,830,300,4
new,i2c,0,84,840,300,4
new,i2c,0,85,850,300,4
new,i2c,0,86,860,300,4
new,i2c,0,87,870,300,4
new,i2c,0,88,880,300,4
new,i2c,0,89,890,300,4
new,i2c,0,90,900,300,4
new,i2c,0,91,910,300,4
new,i2c,0,92,920,300,4
new,i2c,0,93,930,300,4
new,i2c,0,94,940,300,4
new,i2c,0,95,950,300,4
new,i2c,0,96,960,300,4
new,i2c,0,97,970,300,4
new,i2c,0,98,980,300,4
new,i2c,0,99,990,300,4
new,i2c,0,100,1000,300,4
new,i2c,1,1,10,330,4
new,i2c,1,2,20,330,4
new,i2c,1,3,30,321,4
new,i2c,1,4,40,319,4
new,i2c,1,5,50,312,4
new,i2c,1,6,60,312,4
new,i2c,1,7,70,311,4
new,i2c,1,8,80,311,4
new,i2c,1,9,90,311,4
new,i2c,1,10,100,311,4
new,i2c,1,11,110,311,4
new,i2c,1,12,120,311,4
new,i2c,1,13,130,311,4
new,i2c,1,14,140,311,4
new,i2c,1,15,150,311,4
new,i2c,1,16,160,311,4
new,i2c,1,17,170,311,4
new,i2c,1,18,180,311,4
new,i2c,1,19,190,311,4
new,i2c,1,20,200,311,4
new,i2c,1,21,210,311,4
new,i2c,1,22,220,311,4
new,i2c,1,23,230,311,4
new,i2c,1,24,240,311,4
new,i2c,1,25,250,311,4
new,i2c,1,26,260,311,4
new,i2c,1,27,270,311,4
new,i2c,1,28,280,311,4
new,i2c,1,29,290,311,4
new,i2c,1,30,300,311,4
new,i2c,1,31,310,311,4
new,i2c,1,32,320,311,4
new,i2c,1,33,330,311,4
new,i2c,1,34,340,311,4
new,i2c,1,35,350,311,4
new,i2c,1,36,360,311,4
new,i2c,1,37,370,311,4
new,i2c,1,38,380,311,4
new,i2c,1,39,390,311,4
new,i2c,1,40,400,311,4
new,i2c,1,41,410,311,4
new,i2c,1,42,420,311,4
new,i2c,1,43,430,311,4
new,i2c,1,44,440,311,4
new,i2c,1,45,450,311,4
new,i2c,1,46,460,311,4
new,i2c,1,47,470,311,4
new,i2c,1,48,480,311,4
new,i2c,1,49,490,311,4
new,i2c,1,50,500,311,4
new,i2c,1,51,510,305,4
new,i2c,1,52,520,305,4
new,i2c,1,53,530,305,4
new,i2c,1,54,540,305,4
new,i2c,1,55,550,305,4
new,i2c,1,56,560,305,4
new,i2c,1,57,570,305,4
new,i2c,1,58,580,305,4
new,i2c,1,59,590,305,4
new,i2c,1,60,600,305,4
new,i2c,1,61,610,305,4
new,i2c,1,62,620,305,4
new,i2c,1,63,630,305,4
new,i2c,1,64,640,305,4
new,i2c,1,65,650,305,4
new,i2c,1,66,660,305,4
new,i2c,1,67,670,305,4
new,i2c,1,68,680,305,4
new,i2c,1,69,690,305,4
new,i2c,1,70,700,305,4
new,i2c,1,71,710,305,4
new,i2c,1,72,720,305,4
new,i2c,1,73,730,305,4
new,i2c,1,74,740,305,4
new,i2c,1,75,750,305,4
new,i2c,1,76,760,305,4
new,i2c,1,77,770,305,4
new,i2c,1,78,780,305,4
new,i2c,1,79,790,305,4
new,i2c,1,80,800,305,4
new,i2c,1,81,810,305,4
new,i2c,1,82,820,305,4
new,i2c,1,83,830,305,4
new,i2c,1,84,840,305,4
new,i2c,1,85,850,305,4
new,i2c,1,86,860,305,4
new,i2c,1,87,870,305,4
new,i2c,1,88,880,305,4
new,i2c,1,89,890,305,4
new,i2c,1,90,900,305,4
new,i2c,1,91,910,305,4
new,i2c,1,92,920,305,4
new,i2c,1,93,930,305,4
new,i2c,1,94,940,305,4
new,i2c,1,95,950,305,4
new,i2c,1,96,960,305,4
new,i2c,1,97,970,305,4
new,i2c,1,98,980,305,4
new,i2c,1,99,990,305,4
new,i2c,1,100,1000,305,4
new,i2c,2,1,10,323,4
new,i2c,2,2,20,316,4
new,i2c,2,3,30,316,4
new,i2c,2,4,40,316,4
new,i2c,2,5,50,316,4
new,i2c,2,6,60,316,4
new,i2c,2,7,70,316,4
new,i2c,2,8,80,316,4
new,i2c,2,9,90,313,4
new,i2c,2,10,100,313,4
new,i2c,2,11,110,313,4
new,i2c,2,12,120,313,4
new,i2c,2,13,130,313,4
new,i2c,2,14,140,313,4
new,i2c,2,15,150,313,4
new,i2c,2,16,160,313,4
new,i2c,2,17,170,313,4
new,i2c,2,18,180,313,4
new,i2c,2,19,190,313,4
new,i2c,2,20,200,313,4
new,i2c,2,21,210,311,4
new,i2c,2,22,220,311,4
new,i2c,2,23,230,311,4
new,i2c,2,24,240,311,4
new,i2c,2,25,250,311,4
new,i2c,2,26,260,311,4
new,i2c,2,27,270,311,4
new,i2c,2,28,280,311,4
new,i2c,2,29,290,311,4
new,i2c,2,30,300,311,4
new,i2c,2,31,310,311,4
new,i2c,2,32,320,311,4
new,i2c,2,33,330,311,4
new,i2c,2,34,340,311,4
new,i2c,2,35,350,311,4
new,i2c,2,36,360,311,4
new,i2c,2,37,370,311,4
new,i2c,2,38,380,311,4
new,i2c,2,39,390,311,4
new,i2c,2,40,400,311,4
new,i2c,2,41,410,311,4
new,i2c,2,42,420,311,4
new,i2c,2,43,430,311,4
new,i2c,2,44,440,311,4
new,i2c,2,45,450,311,4
new,i2c,2,46,460,311,4
new,i2c,2,47,470,311,4
new,i2c,2,48,480,311,4
new,i2c,2,49,490,311,4
new,i2c,2,50,500,311,4
new,i2c,2,51,510,311,4
new,i2c,2,52,520,309,4
new,i2c,2,53,530,309,4
new,i2c,2,54,540,309,4
new,i2c,2,55,550,309,4
new,i2c,2,56,560,309,4
new,i2c,2,57,570,309,4
new,i2c,2,58,580,309,4
new,i2c,2,59,590,309,4
new,i2c,2,60,600,309,4
new,i2c,2,61,610,309,4
new,i2c,2,62,620,309,4
new,i2c,2,63,630,309,4
new,i2c,2,64,640,309,4
new,i2c,2,65,650,309,4
new,i2c,2,66,660,309,4
new,i2c,2,67,670,309,4
new,i2c,2,68,680,309,4
new,i2c,2,69,690,309,4
new,i2c,2,70,700,309,4
new,i2c,2,71,710,307,4
new,i2c,2,72,720,307,4
new,i2c,2,73,730,307,4
new,i2c,2,74,740,307,4
new,i2c,2,75,750,307,4
new,i2c,2,76,760,307,4
new,i2c,2,77,770,307,4
new,i2c,2,78,780,307,4
new,i2c,2,79,790,307,4
new,i2c,2,80,800,307,4
new,i2c,2,81,810,306,4
new,i2c,2,82,820,306,4
new,i2c,2,83,830,306,4
new,i2c,2,84,840,306,4
new,i2c,2,85,850,306,4
new,i2c,2,86,860,306,4
new,i2c,2,87,870,306,4
new,i2c,2,88,880,306,4
new,i2c,2,89,890,306,4
new,i2c,2,90,900,306,4
new,i2c,2,91,910,306,4
new,i2c,2,92,920,306,4
new,i2c,2,93,930,306,4
new,i2c,2,94,940,306,4
new,i2c,2,95,950,306,4
new,i2c,2,96,960,306,4
new,i2c,2,97,970,306,4
new,i2c,2,98,980,306,4
new,i2c,2,99,990,306,4
new,i2c,2,100,1000,306,4
new,max,0,1,10,786,41
new,max,0,2,20,786,41
new,max,0,3,30,786,41
new,max,0,4,40,786,41
new,max,0,5,50,786,41
new,max,0,6,60,786,41
new,max,0,7,70,786,41
new,max,0,8,80,786,41
new,max,0,9,90,781,41
new,max,0,10,100,781,41
new,max,0,11,110,781,41
new,max,0,12,120,781,41
new,max,0,13,130,781,41
new,max,0,14,140,781,41
new,max,0,15,150,781,41
new,max,0,16,160,781,41
new,max,0,17,170,781,41
new,max,0,18,180,781,41
new,max,0,19,190,781,41
new,max,0,20,200,781,41
new,max,0,21,210,781,41
new,max,0,22,220,781,41
new,max,0,23,230,781,41
new,max,0,24,240,781,41
new,max,0,25,250,781,41
new,max,0,26,260,781,41
new,max,0,27,270,781,41
new,max,0,28,280,769,41
new,max,0,29,290,769,41
new,max,0,30,300,769,41
new,max,0,31,310,769,41
new,max,0,32,320,769,41
new,max,0,33,330,769,41
new,max,0,34,340,769,41
new,max,0,35,350,769,41
new,max,0,36,360,769,41
new,max,0,37,370,769,41
new,max,0,38,380,769,41
new,max,0,39,390,769,41
new,max,0,40,400,769,41
new,max,0,41,410,769,41
new,max,0,42,420,769,41
new,max,0,43,430,769,41
new,max,0,44,440,769,41
new,max,0,45,450,769,41
new,max,0,46,460,769,41
new,max,0,47,470,769,41
new,max,0,48,480,769,41
new,max,0,49,490,769,41
new,max,0,50,500,769,41
new,max,0,51,510,769,41
new,max,0,52,520,769,41
new,max,0,53,530,769,41
new,max,0,54,540,769,41
new,max,0,55,550,769,41
new,max,0,56,560,769,41
new,max,0,57,570,769,41
new,max,0,58,580,769,41
new,max,0,59,590,769,41
new,max,0,60,600,769,41
new,max,0,61,610,769,41
new,max,0,62,620,769,41
new,max,0,63,630,769,41
new,max,0,64,640,769,41
new,max,0,65,650,769,41
new,max,0,66,660,769,41
new,max,0,67,670,769,41
new,max,0,68,680,769,41
new,max,0,69,690,769,41
new,max,0,70,700,769,41
new,max,0,71,710,769,41
new,max,0,72,720,769,41
new,max,0,73,730,769,41
new,max,0,74,740,769,41
new,max,0,75,750,769,41
new,max,0,76,760,769,41
new,max,0,77,770,769,41
new,max,0,78,780,769,41
new,max,0,79,790,769,41
new,max,0,80,800,769,41
new,max,0,81,810,769,41
new,max,0,82,820,769,41
new,max,0,83,830,769,41
new,max,0,84,840,769,41
new,max,0,85,850,769,41
new,max,0,86,860,769,41
new,max,0,87,870,769,41
new,max,0,88,880,769,41
new,max,0,89,890,769,41
new,max,0,90,900,769,41
new,max,0,91,910,769,41
new,max,0,92,920,769,41
new,max,0,93,930,769,41
new,max,0,94,940,769,41
new,max,0,95,950,769,41
new,max,0,96,960,769,41
new,max,0,97,970,769,41
new,max,0,98,980,769,41
new,max,0,99,990,769,41
new,max,0,100,1000,769,41
new,max,1,1,10,,
new,max,1,2,20,,
new,max,1,3,30,,
new,max,1,4,40,,
new,max,1,5,50,785,41
new,max,1,6,60,785,41
new,max,1,7,70,775,41
new,max,1,8,80,775,41
new,max,1,9,90,775,41
new,max,1,10,100,775,41
new,max,1,11,110,775,41
new,max,1,12,120,775,41
new,max,1,13,130,775,41
new,max,1,14,140,775,41
new,max,1,15,150,775,41
new,max,1,16,160,775,41
new,max,1,17,170,775,41
new,max,1,18,180,775,41
new,max,1,19,190,775,41
new,max,1,20,200,775,41
new,max,1,21,210,775,41
new,max,1,22,220,775,41
new,max,1,23,230,775,41
new,max,1,24,240,775,41
new,max,1,25,250,775,41
new,max,1,26,260,775,41
new,max,1,27,270,775,41
new,max,1,28,280,775,41
new,max,1,29,290,775,41
new,max,1,30,300,775,41
new,max,1,31,310,775,41
new,max,1,32,320,775,41
new,max,1,33,330,775,41
new,max,1,34,340,775,41
new,max,1,35,350,775,41
new,max,1,36,360,775,41
new,max,1,37,370,775,41
new,max,1,38,380,775,41
new,max,1,39,390,775,41
new,max,1,40,400,775,41
new,max,1,41,410,775,41
new,max,1,42,420,775,41
new,max,1,43,430,775,41
new,max,1,44,440,775,41
new,max,1,45,450,775,41
new,max,1,46,460,775,41
new,max,1,47,470,775,41
new,max,1,48,480,775,41
new,max,1,49,490,775,41
new,max,1,50,500,775,41
new,max,1,51,510,775,41
new,max,1,52,520,775,41
new,max,1,53,530,775,41
new,max,1,54,540,775,41
new,max,1,55,550,775,41
new,max,1,56,560,775,41
new,max,1,57,570,775,41
new,max,1,58,580,775,41
new,max,1,59,590,775,41
new,max,1,60,600,775,41
new,max,1,61,610,775,41
new,max,1,62,620,775,41
new,max,1,63,630,775,41
new,max,1,64,640,775,41
new,max,1,65,650,775,41
new,max,1,66,660,775,41
new,max,1,67,670,775,41
new,max,1,68,680,775,41
new,max,1,69,690,775,41
new,max,1,70,700,775,41
new,max,1,71,710,775,41
new,max,1,72,720,775,41
new,max,1,73,730,775,41
new,max,1,74,740,775,41
new,max,1,75,750,775,41
new,max,1,76,760,775,41
new,max,1,77,770,775,41
new,max,1,78,780,775,41
new,max,1,79,790,775,41
new,max,1,80,800,775,41
new,max,1,81,810,775,41
new,max,1,82,820,775,41
new,max,1,83,830,775,41
new,max,1,84,840,775,41
new,max,1,85,850,775,41
new,max,1,86,860,775,41
new,max,1,87,870,775,41
new,max,1,88,880,775,41
new,max,1,89,890,775,41
new,max,1,90,900,775,41
new,max,1,91,910,775,41
new,max,1,92,920,775,41
new,max,1,93,930,775,41
new,max,1,94,940,775,41
new,max,1,95,950,775,41
new,max,1,96,960,775,41
new,max,1,97,970,775,41
new,max,1,98,980,775,41
new,max,1,99,990,775,41
new,max,1,100,1000,775,41
new,max,2,1,10,,
new,max,2,2,20,,
new,max,2,3,30,777,41
new,max,2,4,40,777,41
new,max,2,5,50,777,41
new,max,2,6,60,777,41
new,max,2,7,70,777,41
new,max,2,8,80,773,41
new,max,2,9,90,773,41
new,max,2,10,100,773,41
new,max,2,11,110,773,41
new,max,2,12,120,773,41
new,max,2,13,130,773,41
new,max,2,14,140,773,41
new,max,2,15,150,773,41
new,max,2,16,160,773,41
new,max,2,17,170,773,41
new,max,2,18,180,773,41
new,max,2,19,190,773,41
new,max,2,20,200,773,41
new,max,2,21,210,773,41
new,max,2,22,220,773,41
new,max,2,23,230,773,41
new,max,2,24,240,773,41
new,max,2,25,250,773,41
new,max,2,26,260,773,41
new,max,2,27,270,773,41
new,max,2,28,280,773,41
new,max,2,29,290,773,41
new,max,2,30,300,773,41
new,max,2,31,310,773,41
new,max,2,32,320,773,41
new,max,2,33,330,773,41
new,max,2,34,340,773,41
new,max,2,35,350,773,41
new,max,2,36,360,773,41
new,max,2,37,370,773,41
new,max,2,38,380,773,41
new,max,2,39,390,773,41
new,max,2,40,400,773,41
new,max,2,41,410,773,41
new,max,2,42,420,773,41
new,max,2,43,430,773,41
new,max,2,44,440,773,41
new,max,2,45,450,773,41
new,max,2,46,460,773,41
new,max,2,47,470,773,41
new,max,2,48,480,773,41
new,max,2,49,490,773,41
new,max,2,50,500,773,41
new,max,2,51,510,773,41
new,max,2,52,520,773,41
new,max,2,53,530,773,41
new,max,2,54,540,773,41
new,max,2,55,550,773,41
new,max,2,56,560,773,41
new,max,2,57,570,773,41
new,max,2,58,580,773,41
new,max,2,59,590,773,41
new,max,2,60,600,773,41
new,max,2,61,610,773,41
new,max,2,62,620,773,41
new,max,2,63,630,773,41
new,max,2,64,640,773,41
new,max,2,65,650,773,41
new,max,2,66,660,773,41
new,max,2,67,670,773,41
new,max,2,68,680,773,41
new,max,2,69,690,773,41
new,max,2,70,700,773,41
new,max,2,71,710,773,41
new,max,2,72,720,773,41
new,max,2,73,730,773,41
new,max,2,74,740,773,41
new,max,2,75,750,773,41
new,max,2,76,760,773,41
new,max,2,77,770,773,41
new,max,2,78,780,773,41
new,max,2,79,790,773,41
new,max,2,80,800,773,41
new,max,2,81,810,773,41
new,max,2,82,820,773,41
new,max,2,83,830,773,41
new,max,2,84,840,773,41
new,max,2,85,850,773,41
new,max,2,86,860,773,41
new,max,2,87,870,773,41
new,max,2,88,880,773,41
new,max,2,89,890,773,41
new,max,2,90,900,773,41
new,max,2,91,910,773,41
new,max,2,92,920,773,41
new,max,2,93,930,773,41
new,max,2,94,940,773,41
new,max,2,95,950,773,41
new,max,2,96,960,773,41
new,max,2,97,970,773,41
new,max,2,98,980,773,41
new,max,2,99,990,773,41
new,max,2,100,1000,773,41
