circuit,steps,baseline,treatment,mean_luts_reduction,ci95,feasibility_gain_pp,feasibility_ci95,baseline_feasible,trained_feasible,per_seed,wins,ties,losses,complete,complete_feasible
int2float,5,initial,trained-50,0.1,"[-0.022222222222222223, 0.25555555555555554]",0.0,"[0.0, 0.0]",90,90,"[{""seed"": 0, ""complete"": true, ""pairs"": 30, ""luts_reduction"": 0.1, ""percent"": 0.2103786816269285, ""baseline_feasible"": 30, ""trained_feasible"": 30, ""feasibility_gain_pp"": 0.0, ""wins"": 2, ""ties"": 28, ""losses"": 0}, {""seed"": 1, ""complete"": true, ""pairs"": 30, ""luts_reduction"": 0.16666666666666666, ""percent"": 0.35087719298245607, ""baseline_feasible"": 30, ""trained_feasible"": 30, ""feasibility_gain_pp"": 0.0, ""wins"": 3, ""ties"": 27, ""losses"": 0}, {""seed"": 2, ""complete"": true, ""pairs"": 30, ""luts_reduction"": 0.03333333333333333, ""percent"": 0.0702740688685875, ""baseline_feasible"": 30, ""trained_feasible"": 30, ""feasibility_gain_pp"": 0.0, ""wins"": 1, ""ties"": 28, ""losses"": 1}]",6,83,1,True,True
int2float,5,uniform,trained-50,0.17777777777777778,"[-0.03333333333333333, 0.43333333333333335]",0.0,"[0.0, 0.0]",90,90,"[{""seed"": 0, ""complete"": true, ""pairs"": 30, ""luts_reduction"": 0.13333333333333333, ""percent"": 0.2803083391730904, ""baseline_feasible"": 30, ""trained_feasible"": 30, ""feasibility_gain_pp"": 0.0, ""wins"": 5, ""ties"": 23, ""losses"": 2}, {""seed"": 1, ""complete"": true, ""pairs"": 30, ""luts_reduction"": 0.23333333333333334, ""percent"": 0.49053959355290816, ""baseline_feasible"": 30, ""trained_feasible"": 30, ""feasibility_gain_pp"": 0.0, ""wins"": 7, ""ties"": 19, ""losses"": 4}, {""seed"": 2, ""complete"": true, ""pairs"": 30, ""luts_reduction"": 0.16666666666666666, ""percent"": 0.3503854239663629, ""baseline_feasible"": 30, ""trained_feasible"": 30, ""feasibility_gain_pp"": 0.0, ""wins"": 4, ""ties"": 23, ""losses"": 3}]",16,65,9,True,True
i2c,5,initial,trained-50,0.3,"[-0.37777777777777777, 1.3333333333333333]",0.0,"[0.0, 0.0]",90,90,"[{""seed"": 0, ""complete"": true, ""pairs"": 30, ""luts_reduction"": 0.03333333333333333, ""percent"": 0.010144045445323595, ""baseline_feasible"": 30, ""trained_feasible"": 30, ""feasibility_gain_pp"": 0.0, ""wins"": 5, ""ties"": 21, ""losses"": 4}, {""seed"": 1, ""complete"": true, ""pairs"": 30, ""luts_reduction"": -0.03333333333333333, ""percent"": -0.009991008092716556, ""baseline_feasible"": 30, ""trained_feasible"": 30, ""feasibility_gain_pp"": 0.0, ""wins"": 0, ""ties"": 29, ""losses"": 1}, {""seed"": 2, ""complete"": true, ""pairs"": 30, ""luts_reduction"": 0.9, ""percent"": 0.2725345715150903, ""baseline_feasible"": 30, ""trained_feasible"": 30, ""feasibility_gain_pp"": 0.0, ""wins"": 4, ""ties"": 24, ""losses"": 2}]",9,74,7,True,True
i2c,5,uniform,trained-50,0.5111111111111111,"[-2.8, 3.1666666666666665]",0.0,"[0.0, 0.0]",90,90,"[{""seed"": 0, ""complete"": true, ""pairs"": 30, ""luts_reduction"": 2.466666666666667, ""percent"": 0.7451414761856812, ""baseline_feasible"": 30, ""trained_feasible"": 30, ""feasibility_gain_pp"": 0.0, ""wins"": 11, ""ties"": 13, ""losses"": 6}, {""seed"": 1, ""complete"": true, ""pairs"": 30, ""luts_reduction"": -2.6333333333333333, ""percent"": -0.7954888732252541, ""baseline_feasible"": 30, ""trained_feasible"": 30, ""feasibility_gain_pp"": 0.0, ""wins"": 8, ""ties"": 8, ""losses"": 14}, {""seed"": 2, ""complete"": true, ""pairs"": 30, ""luts_reduction"": 1.7, ""percent"": 0.5135434498036451, ""baseline_feasible"": 30, ""trained_feasible"": 30, ""feasibility_gain_pp"": 0.0, ""wins"": 9, ""ties"": 19, ""losses"": 2}]",28,40,22,True,True
max,5,initial,trained-50,,,,,0,0,"[{""seed"": 0, ""complete"": false, ""pairs"": 0, ""luts_reduction"": null, ""percent"": null, ""baseline_feasible"": null, ""trained_feasible"": null, ""feasibility_gain_pp"": null, ""wins"": null, ""ties"": null, ""losses"": null}, {""seed"": 1, ""complete"": false, ""pairs"": 0, ""luts_reduction"": null, ""percent"": null, ""baseline_feasible"": null, ""trained_feasible"": null, ""feasibility_gain_pp"": null, ""wins"": null, ""ties"": null, ""losses"": null}, {""seed"": 2, ""complete"": false, ""pairs"": 0, ""luts_reduction"": null, ""percent"": null, ""baseline_feasible"": null, ""trained_feasible"": null, ""feasibility_gain_pp"": null, ""wins"": null, ""ties"": null, ""losses"": null}]",,,,False,False
max,5,uniform,trained-50,,,,,0,0,"[{""seed"": 0, ""complete"": false, ""pairs"": 0, ""luts_reduction"": null, ""percent"": null, ""baseline_feasible"": null, ""trained_feasible"": null, ""feasibility_gain_pp"": null, ""wins"": null, ""ties"": null, ""losses"": null}, {""seed"": 1, ""complete"": false, ""pairs"": 0, ""luts_reduction"": null, ""percent"": null, ""baseline_feasible"": null, ""trained_feasible"": null, ""feasibility_gain_pp"": null, ""wins"": null, ""ties"": null, ""losses"": null}, {""seed"": 2, ""complete"": false, ""pairs"": 0, ""luts_reduction"": null, ""percent"": null, ""baseline_feasible"": null, ""trained_feasible"": null, ""feasibility_gain_pp"": null, ""wins"": null, ""ties"": null, ""losses"": null}]",,,,False,False
int2float,10,initial,trained-50,0.14444444444444443,"[-0.011111111111111112, 0.36666666666666664]",0.0,"[0.0, 0.0]",90,90,"[{""seed"": 0, ""complete"": true, ""pairs"": 30, ""luts_reduction"": 0.03333333333333333, ""percent"": 0.07127583749109052, ""baseline_feasible"": 30, ""trained_feasible"": 30, ""feasibility_gain_pp"": 0.0, ""wins"": 1, ""ties"": 28, ""losses"": 1}, {""seed"": 1, ""complete"": true, ""pairs"": 30, ""luts_reduction"": 0.3, ""percent"": 0.6392045454545455, ""baseline_feasible"": 30, ""trained_feasible"": 30, ""feasibility_gain_pp"": 0.0, ""wins"": 6, ""ties"": 23, ""losses"": 1}, {""seed"": 2, ""complete"": true, ""pairs"": 30, ""luts_reduction"": 0.1, ""percent"": 0.2142857142857143, ""baseline_feasible"": 30, ""trained_feasible"": 30, ""feasibility_gain_pp"": 0.0, ""wins"": 2, ""ties"": 28, ""losses"": 0}]",9,79,2,True,True
int2float,10,uniform,trained-50,0.12222222222222222,"[-0.16666666666666666, 0.3891666666666626]",0.0,"[0.0, 0.0]",90,90,"[{""seed"": 0, ""complete"": true, ""pairs"": 30, ""luts_reduction"": 0.03333333333333333, ""percent"": 0.07127583749109052, ""baseline_feasible"": 30, ""trained_feasible"": 30, ""feasibility_gain_pp"": 0.0, ""wins"": 7, ""ties"": 19, ""losses"": 4}, {""seed"": 1, ""complete"": true, ""pairs"": 30, ""luts_reduction"": 0.13333333333333333, ""percent"": 0.2851033499643621, ""baseline_feasible"": 30, ""trained_feasible"": 30, ""feasibility_gain_pp"": 0.0, ""wins"": 7, ""ties"": 19, ""losses"": 4}, {""seed"": 2, ""complete"": true, ""pairs"": 30, ""luts_reduction"": 0.2, ""percent"": 0.4276550249465431, ""baseline_feasible"": 30, ""trained_feasible"": 30, ""feasibility_gain_pp"": 0.0, ""wins"": 5, ""ties"": 24, ""losses"": 1}]",19,62,9,True,True
i2c,10,initial,trained-50,1.0444444444444445,"[-0.22249999999999973, 2.6555555555555554]",0.0,"[0.0, 0.0]",90,90,"[{""seed"": 0, ""complete"": true, ""pairs"": 30, ""luts_reduction"": 2.1, ""percent"": 0.6577573606180831, ""baseline_feasible"": 30, ""trained_feasible"": 30, ""feasibility_gain_pp"": 0.0, ""wins"": 13, ""ties"": 13, ""losses"": 4}, {""seed"": 1, ""complete"": true, ""pairs"": 30, ""luts_reduction"": 0.03333333333333333, ""percent"": 0.010305028854080793, ""baseline_feasible"": 30, ""trained_feasible"": 30, ""feasibility_gain_pp"": 0.0, ""wins"": 2, ""ties"": 27, ""losses"": 1}, {""seed"": 2, ""complete"": true, ""pairs"": 30, ""luts_reduction"": 1.0, ""percent"": 0.3123698458975427, ""baseline_feasible"": 30, ""trained_feasible"": 30, ""feasibility_gain_pp"": 0.0, ""wins"": 10, ""ties"": 17, ""losses"": 3}]",25,57,8,True,True
i2c,10,uniform,trained-50,1.4222222222222223,"[-2.300277777777777, 4.933333333333334]",0.0,"[0.0, 0.0]",90,90,"[{""seed"": 0, ""complete"": true, ""pairs"": 30, ""luts_reduction"": 4.166666666666667, ""percent"": 1.2966804979253113, ""baseline_feasible"": 30, ""trained_feasible"": 30, ""feasibility_gain_pp"": 0.0, ""wins"": 18, ""ties"": 6, ""losses"": 6}, {""seed"": 1, ""complete"": true, ""pairs"": 30, ""luts_reduction"": -2.1, ""percent"": -0.6535269709543569, ""baseline_feasible"": 30, ""trained_feasible"": 30, ""feasibility_gain_pp"": 0.0, ""wins"": 7, ""ties"": 5, ""losses"": 18}, {""seed"": 2, ""complete"": true, ""pairs"": 30, ""luts_reduction"": 2.2, ""percent"": 0.6846473029045644, ""baseline_feasible"": 30, ""trained_feasible"": 30, ""feasibility_gain_pp"": 0.0, ""wins"": 14, ""ties"": 10, ""losses"": 6}]",39,21,30,True,True
max,10,initial,trained-50,,,,,0,0,"[{""seed"": 0, ""complete"": false, ""pairs"": 0, ""luts_reduction"": null, ""percent"": null, ""baseline_feasible"": null, ""trained_feasible"": null, ""feasibility_gain_pp"": null, ""wins"": null, ""ties"": null, ""losses"": null}, {""seed"": 1, ""complete"": false, ""pairs"": 0, ""luts_reduction"": null, ""percent"": null, ""baseline_feasible"": null, ""trained_feasible"": null, ""feasibility_gain_pp"": null, ""wins"": null, ""ties"": null, ""losses"": null}, {""seed"": 2, ""complete"": false, ""pairs"": 0, ""luts_reduction"": null, ""percent"": null, ""baseline_feasible"": null, ""trained_feasible"": null, ""feasibility_gain_pp"": null, ""wins"": null, ""ties"": null, ""losses"": null}]",,,,False,False
max,10,uniform,trained-50,,,,,0,0,"[{""seed"": 0, ""complete"": false, ""pairs"": 0, ""luts_reduction"": null, ""percent"": null, ""baseline_feasible"": null, ""trained_feasible"": null, ""feasibility_gain_pp"": null, ""wins"": null, ""ties"": null, ""losses"": null}, {""seed"": 1, ""complete"": false, ""pairs"": 0, ""luts_reduction"": null, ""percent"": null, ""baseline_feasible"": null, ""trained_feasible"": null, ""feasibility_gain_pp"": null, ""wins"": null, ""ties"": null, ""losses"": null}, {""seed"": 2, ""complete"": false, ""pairs"": 0, ""luts_reduction"": null, ""percent"": null, ""baseline_feasible"": null, ""trained_feasible"": null, ""feasibility_gain_pp"": null, ""wins"": null, ""ties"": null, ""losses"": null}]",,,,False,False
int2float,20,initial,trained-50,0.13333333333333333,"[-0.08888888888888889, 0.3891666666666626]",0.0,"[0.0, 0.0]",90,90,"[{""seed"": 0, ""complete"": true, ""pairs"": 30, ""luts_reduction"": 0.0, ""percent"": 0.0, ""baseline_feasible"": 30, ""trained_feasible"": 30, ""feasibility_gain_pp"": 0.0, ""wins"": 1, ""ties"": 28, ""losses"": 1}, {""seed"": 1, ""complete"": true, ""pairs"": 30, ""luts_reduction"": 0.06666666666666667, ""percent"": 0.145032632342277, ""baseline_feasible"": 30, ""trained_feasible"": 30, ""feasibility_gain_pp"": 0.0, ""wins"": 5, ""ties"": 22, ""losses"": 3}, {""seed"": 2, ""complete"": true, ""pairs"": 30, ""luts_reduction"": 0.3333333333333333, ""percent"": 0.7304601899196492, ""baseline_feasible"": 30, ""trained_feasible"": 30, ""feasibility_gain_pp"": 0.0, ""wins"": 7, ""ties"": 22, ""losses"": 1}]",13,72,5,True,True
int2float,20,uniform,trained-50,0.36666666666666664,"[-0.1, 0.8777777777777778]",0.0,"[0.0, 0.0]",90,90,"[{""seed"": 0, ""complete"": true, ""pairs"": 30, ""luts_reduction"": 0.16666666666666666, ""percent"": 0.36179450072358893, ""baseline_feasible"": 30, ""trained_feasible"": 30, ""feasibility_gain_pp"": 0.0, ""wins"": 7, ""ties"": 17, ""losses"": 6}, {""seed"": 1, ""complete"": true, ""pairs"": 30, ""luts_reduction"": 0.16666666666666666, ""percent"": 0.36179450072358893, ""baseline_feasible"": 30, ""trained_feasible"": 30, ""feasibility_gain_pp"": 0.0, ""wins"": 10, ""ties"": 15, ""losses"": 5}, {""seed"": 2, ""complete"": true, ""pairs"": 30, ""luts_reduction"": 0.7666666666666667, ""percent"": 1.6642547033285093, ""baseline_feasible"": 30, ""trained_feasible"": 30, ""feasibility_gain_pp"": 0.0, ""wins"": 12, ""ties"": 15, ""losses"": 3}]",29,47,14,True,True
i2c,20,initial,trained-50,1.4,"[0.0, 3.2]",0.0,"[0.0, 0.0]",90,90,"[{""seed"": 0, ""complete"": true, ""pairs"": 30, ""luts_reduction"": 2.033333333333333, ""percent"": 0.6597447544884274, ""baseline_feasible"": 30, ""trained_feasible"": 30, ""feasibility_gain_pp"": 0.0, ""wins"": 17, ""ties"": 6, ""losses"": 7}, {""seed"": 1, ""complete"": true, ""pairs"": 30, ""luts_reduction"": 0.06666666666666667, ""percent"": 0.021278859453133313, ""baseline_feasible"": 30, ""trained_feasible"": 30, ""feasibility_gain_pp"": 0.0, ""wins"": 3, ""ties"": 26, ""losses"": 1}, {""seed"": 2, ""complete"": true, ""pairs"": 30, ""luts_reduction"": 2.1, ""percent"": 0.6769098527989685, ""baseline_feasible"": 30, ""trained_feasible"": 30, ""feasibility_gain_pp"": 0.0, ""wins"": 16, ""ties"": 9, ""losses"": 5}]",36,41,13,True,True
i2c,20,uniform,trained-50,0.9222222222222223,"[-3.1891666666666665, 4.366666666666666]",0.0,"[0.0, 0.0]",90,90,"[{""seed"": 0, ""complete"": true, ""pairs"": 30, ""luts_reduction"": 3.933333333333333, ""percent"": 1.2684080404170697, ""baseline_feasible"": 30, ""trained_feasible"": 30, ""feasibility_gain_pp"": 0.0, ""wins"": 20, ""ties"": 1, ""losses"": 9}, {""seed"": 1, ""complete"": true, ""pairs"": 30, ""luts_reduction"": -3.1333333333333333, ""percent"": -1.0104267440610555, ""baseline_feasible"": 30, ""trained_feasible"": 30, ""feasibility_gain_pp"": 0.0, ""wins"": 8, ""ties"": 4, ""losses"": 18}, {""seed"": 2, ""complete"": true, ""pairs"": 30, ""luts_reduction"": 1.9666666666666666, ""percent"": 0.6342040202085348, ""baseline_feasible"": 30, ""trained_feasible"": 30, ""feasibility_gain_pp"": 0.0, ""wins"": 20, ""ties"": 4, ""losses"": 6}]",48,9,33,True,True
max,20,initial,trained-50,,,,,0,0,"[{""seed"": 0, ""complete"": false, ""pairs"": 0, ""luts_reduction"": null, ""percent"": null, ""baseline_feasible"": null, ""trained_feasible"": null, ""feasibility_gain_pp"": null, ""wins"": null, ""ties"": null, ""losses"": null}, {""seed"": 1, ""complete"": false, ""pairs"": 0, ""luts_reduction"": null, ""percent"": null, ""baseline_feasible"": null, ""trained_feasible"": null, ""feasibility_gain_pp"": null, ""wins"": null, ""ties"": null, ""losses"": null}, {""seed"": 2, ""complete"": false, ""pairs"": 0, ""luts_reduction"": null, ""percent"": null, ""baseline_feasible"": null, ""trained_feasible"": null, ""feasibility_gain_pp"": null, ""wins"": null, ""ties"": null, ""losses"": null}]",,,,False,False
max,20,uniform,trained-50,,,,,0,0,"[{""seed"": 0, ""complete"": false, ""pairs"": 0, ""luts_reduction"": null, ""percent"": null, ""baseline_feasible"": null, ""trained_feasible"": null, ""feasibility_gain_pp"": null, ""wins"": null, ""ties"": null, ""losses"": null}, {""seed"": 1, ""complete"": false, ""pairs"": 0, ""luts_reduction"": null, ""percent"": null, ""baseline_feasible"": null, ""trained_feasible"": null, ""feasibility_gain_pp"": null, ""wins"": null, ""ties"": null, ""losses"": null}, {""seed"": 2, ""complete"": false, ""pairs"": 0, ""luts_reduction"": null, ""percent"": null, ""baseline_feasible"": null, ""trained_feasible"": null, ""feasibility_gain_pp"": null, ""wins"": null, ""ties"": null, ""losses"": null}]",,,,False,False
int2float,30,initial,trained-50,0.2111111111111111,"[0.011111111111111112, 0.4222222222222222]",0.0,"[0.0, 0.0]",90,90,"[{""seed"": 0, ""complete"": true, ""pairs"": 30, ""luts_reduction"": 0.2, ""percent"": 0.4398826979472141, ""baseline_feasible"": 30, ""trained_feasible"": 30, ""feasibility_gain_pp"": 0.0, ""wins"": 4, ""ties"": 25, ""losses"": 1}, {""seed"": 1, ""complete"": true, ""pairs"": 30, ""luts_reduction"": 0.2, ""percent"": 0.4366812227074236, ""baseline_feasible"": 30, ""trained_feasible"": 30, ""feasibility_gain_pp"": 0.0, ""wins"": 7, ""ties"": 21, ""losses"": 2}, {""seed"": 2, ""complete"": true, ""pairs"": 30, ""luts_reduction"": 0.23333333333333334, ""percent"": 0.5173688100517368, ""baseline_feasible"": 30, ""trained_feasible"": 30, ""feasibility_gain_pp"": 0.0, ""wins"": 6, ""ties"": 21, ""losses"": 3}]",17,67,6,True,True
int2float,30,uniform,trained-50,0.18888888888888888,"[-0.4, 0.7666666666666667]",0.0,"[0.0, 0.0]",90,90,"[{""seed"": 0, ""complete"": true, ""pairs"": 30, ""luts_reduction"": 0.16666666666666666, ""percent"": 0.3668378576669112, ""baseline_feasible"": 30, ""trained_feasible"": 30, ""feasibility_gain_pp"": 0.0, ""wins"": 8, ""ties"": 14, ""losses"": 8}, {""seed"": 1, ""complete"": true, ""pairs"": 30, ""luts_reduction"": -0.16666666666666666, ""percent"": -0.3668378576669112, ""baseline_feasible"": 30, ""trained_feasible"": 30, ""feasibility_gain_pp"": 0.0, ""wins"": 9, ""ties"": 12, ""losses"": 9}, {""seed"": 2, ""complete"": true, ""pairs"": 30, ""luts_reduction"": 0.5666666666666667, ""percent"": 1.247248716067498, ""baseline_feasible"": 30, ""trained_feasible"": 30, ""feasibility_gain_pp"": 0.0, ""wins"": 14, ""ties"": 11, ""losses"": 5}]",31,37,22,True,True
i2c,30,initial,trained-50,1.9444444444444444,"[0.43333333333333335, 3.9002777777777737]",0.0,"[0.0, 0.0]",90,90,"[{""seed"": 0, ""complete"": true, ""pairs"": 30, ""luts_reduction"": 2.2, ""percent"": 0.7292817679558011, ""baseline_feasible"": 30, ""trained_feasible"": 30, ""feasibility_gain_pp"": 0.0, ""wins"": 14, ""ties"": 5, ""losses"": 11}, {""seed"": 1, ""complete"": true, ""pairs"": 30, ""luts_reduction"": 0.9666666666666667, ""percent"": 0.3133779987032635, ""baseline_feasible"": 30, ""trained_feasible"": 30, ""feasibility_gain_pp"": 0.0, ""wins"": 8, ""ties"": 22, ""losses"": 0}, {""seed"": 2, ""complete"": true, ""pairs"": 30, ""luts_reduction"": 2.6666666666666665, ""percent"": 0.8765202147474525, ""baseline_feasible"": 30, ""trained_feasible"": 30, ""feasibility_gain_pp"": 0.0, ""wins"": 16, ""ties"": 6, ""losses"": 8}]",38,33,19,True,True
i2c,30,uniform,trained-50,1.5555555555555556,"[-3.267222222222222, 5.66694444444444]",0.0,"[0.0, 0.0]",90,90,"[{""seed"": 0, ""complete"": true, ""pairs"": 30, ""luts_reduction"": 4.933333333333334, ""percent"": 1.6206745510293477, ""baseline_feasible"": 30, ""trained_feasible"": 30, ""feasibility_gain_pp"": 0.0, ""wins"": 18, ""ties"": 0, ""losses"": 12}, {""seed"": 1, ""complete"": true, ""pairs"": 30, ""luts_reduction"": -3.1, ""percent"": -1.0183968462549278, ""baseline_feasible"": 30, ""trained_feasible"": 30, ""feasibility_gain_pp"": 0.0, ""wins"": 7, ""ties"": 4, ""losses"": 19}, {""seed"": 2, ""complete"": true, ""pairs"": 30, ""luts_reduction"": 2.8333333333333335, ""percent"": 0.9307928164695578, ""baseline_feasible"": 30, ""trained_feasible"": 30, ""feasibility_gain_pp"": 0.0, ""wins"": 15, ""ties"": 5, ""losses"": 10}]",40,9,41,True,True
max,30,initial,trained-50,,,,,0,0,"[{""seed"": 0, ""complete"": false, ""pairs"": 0, ""luts_reduction"": null, ""percent"": null, ""baseline_feasible"": null, ""trained_feasible"": null, ""feasibility_gain_pp"": null, ""wins"": null, ""ties"": null, ""losses"": null}, {""seed"": 1, ""complete"": false, ""pairs"": 0, ""luts_reduction"": null, ""percent"": null, ""baseline_feasible"": null, ""trained_feasible"": null, ""feasibility_gain_pp"": null, ""wins"": null, ""ties"": null, ""losses"": null}, {""seed"": 2, ""complete"": false, ""pairs"": 0, ""luts_reduction"": null, ""percent"": null, ""baseline_feasible"": null, ""trained_feasible"": null, ""feasibility_gain_pp"": null, ""wins"": null, ""ties"": null, ""losses"": null}]",,,,False,False
max,30,uniform,trained-50,,,,,0,0,"[{""seed"": 0, ""complete"": false, ""pairs"": 0, ""luts_reduction"": null, ""percent"": null, ""baseline_feasible"": null, ""trained_feasible"": null, ""feasibility_gain_pp"": null, ""wins"": null, ""ties"": null, ""losses"": null}, {""seed"": 1, ""complete"": false, ""pairs"": 0, ""luts_reduction"": null, ""percent"": null, ""baseline_feasible"": null, ""trained_feasible"": null, ""feasibility_gain_pp"": null, ""wins"": null, ""ties"": null, ""losses"": null}, {""seed"": 2, ""complete"": false, ""pairs"": 0, ""luts_reduction"": null, ""percent"": null, ""baseline_feasible"": null, ""trained_feasible"": null, ""feasibility_gain_pp"": null, ""wins"": null, ""ties"": null, ""losses"": null}]",,,,False,False
int2float,40,initial,trained-50,0.2222222222222222,"[-0.03333333333333333, 0.4777777777777778]",0.0,"[0.0, 0.0]",90,90,"[{""seed"": 0, ""complete"": true, ""pairs"": 30, ""luts_reduction"": 0.2, ""percent"": 0.44280442804428044, ""baseline_feasible"": 30, ""trained_feasible"": 30, ""feasibility_gain_pp"": 0.0, ""wins"": 4, ""ties"": 24, ""losses"": 2}, {""seed"": 1, ""complete"": true, ""pairs"": 30, ""luts_reduction"": 0.3, ""percent"": 0.6578947368421052, ""baseline_feasible"": 30, ""trained_feasible"": 30, ""feasibility_gain_pp"": 0.0, ""wins"": 10, ""ties"": 17, ""losses"": 3}, {""seed"": 2, ""complete"": true, ""pairs"": 30, ""luts_reduction"": 0.16666666666666666, ""percent"": 0.3711952487008166, ""baseline_feasible"": 30, ""trained_feasible"": 30, ""feasibility_gain_pp"": 0.0, ""wins"": 6, ""ties"": 20, ""losses"": 4}]",20,61,9,True,True
int2float,40,uniform,trained-50,0.1,"[-0.4444444444444444, 0.6666666666666666]",0.0,"[0.0, 0.0]",90,90,"[{""seed"": 0, ""complete"": true, ""pairs"": 30, ""luts_reduction"": 0.13333333333333333, ""percent"": 0.29563932002956395, ""baseline_feasible"": 30, ""trained_feasible"": 30, ""feasibility_gain_pp"": 0.0, ""wins"": 7, ""ties"": 14, ""losses"": 9}, {""seed"": 1, ""complete"": true, ""pairs"": 30, ""luts_reduction"": -0.2, ""percent"": -0.44345898004434586, ""baseline_feasible"": 30, ""trained_feasible"": 30, ""feasibility_gain_pp"": 0.0, ""wins"": 8, ""ties"": 13, ""losses"": 9}, {""seed"": 2, ""complete"": true, ""pairs"": 30, ""luts_reduction"": 0.36666666666666664, ""percent"": 0.8130081300813007, ""baseline_feasible"": 30, ""trained_feasible"": 30, ""feasibility_gain_pp"": 0.0, ""wins"": 12, ""ties"": 13, ""losses"": 5}]",27,40,23,True,True
i2c,40,initial,trained-50,1.5666666666666667,"[-0.13333333333333333, 3.7333333333333334]",0.0,"[0.0, 0.0]",90,90,"[{""seed"": 0, ""complete"": true, ""pairs"": 30, ""luts_reduction"": 3.2333333333333334, ""percent"": 1.0874439461883407, ""baseline_feasible"": 30, ""trained_feasible"": 30, ""feasibility_gain_pp"": 0.0, ""wins"": 19, ""ties"": 3, ""losses"": 8}, {""seed"": 1, ""complete"": true, ""pairs"": 30, ""luts_reduction"": 0.6, ""percent"": 0.1971090670170828, ""baseline_feasible"": 30, ""trained_feasible"": 30, ""feasibility_gain_pp"": 0.0, ""wins"": 5, ""ties"": 19, ""losses"": 6}, {""seed"": 2, ""complete"": true, ""pairs"": 30, ""luts_reduction"": 0.8666666666666667, ""percent"": 0.29014618904140166, ""baseline_feasible"": 30, ""trained_feasible"": 30, ""feasibility_gain_pp"": 0.0, ""wins"": 11, ""ties"": 6, ""losses"": 13}]",35,28,27,True,True
i2c,40,uniform,trained-50,0.45555555555555555,"[-4.833333333333333, 5.2]",0.0,"[0.0, 0.0]",90,90,"[{""seed"": 0, ""complete"": true, ""pairs"": 30, ""luts_reduction"": 4.933333333333334, ""percent"": 1.6497603388696913, ""baseline_feasible"": 30, ""trained_feasible"": 30, ""feasibility_gain_pp"": 0.0, ""wins"": 22, ""ties"": 0, ""losses"": 8}, {""seed"": 1, ""complete"": true, ""pairs"": 30, ""luts_reduction"": -4.766666666666667, ""percent"": -1.5940251922862556, ""baseline_feasible"": 30, ""trained_feasible"": 30, ""feasibility_gain_pp"": 0.0, ""wins"": 8, ""ties"": 0, ""losses"": 22}, {""seed"": 2, ""complete"": true, ""pairs"": 30, ""luts_reduction"": 1.2, ""percent"": 0.4012930554007357, ""baseline_feasible"": 30, ""trained_feasible"": 30, ""feasibility_gain_pp"": 0.0, ""wins"": 18, ""ties"": 4, ""losses"": 8}]",48,4,38,True,True
max,40,initial,trained-50,,,,,0,0,"[{""seed"": 0, ""complete"": false, ""pairs"": 0, ""luts_reduction"": null, ""percent"": null, ""baseline_feasible"": null, ""trained_feasible"": null, ""feasibility_gain_pp"": null, ""wins"": null, ""ties"": null, ""losses"": null}, {""seed"": 1, ""complete"": false, ""pairs"": 0, ""luts_reduction"": null, ""percent"": null, ""baseline_feasible"": null, ""trained_feasible"": null, ""feasibility_gain_pp"": null, ""wins"": null, ""ties"": null, ""losses"": null}, {""seed"": 2, ""complete"": false, ""pairs"": 0, ""luts_reduction"": null, ""percent"": null, ""baseline_feasible"": null, ""trained_feasible"": null, ""feasibility_gain_pp"": null, ""wins"": null, ""ties"": null, ""losses"": null}]",,,,False,False
max,40,uniform,trained-50,,,,,0,0,"[{""seed"": 0, ""complete"": false, ""pairs"": 0, ""luts_reduction"": null, ""percent"": null, ""baseline_feasible"": null, ""trained_feasible"": null, ""feasibility_gain_pp"": null, ""wins"": null, ""ties"": null, ""losses"": null}, {""seed"": 1, ""complete"": false, ""pairs"": 0, ""luts_reduction"": null, ""percent"": null, ""baseline_feasible"": null, ""trained_feasible"": null, ""feasibility_gain_pp"": null, ""wins"": null, ""ties"": null, ""losses"": null}, {""seed"": 2, ""complete"": false, ""pairs"": 0, ""luts_reduction"": null, ""percent"": null, ""baseline_feasible"": null, ""trained_feasible"": null, ""feasibility_gain_pp"": null, ""wins"": null, ""ties"": null, ""losses"": null}]",,,,False,False
int2float,50,initial,trained-50,0.13333333333333333,"[-0.12222222222222222, 0.4]",0.0,"[0.0, 0.0]",90,90,"[{""seed"": 0, ""complete"": true, ""pairs"": 30, ""luts_reduction"": 0.03333333333333333, ""percent"": 0.07429420505200594, ""baseline_feasible"": 30, ""trained_feasible"": 30, ""feasibility_gain_pp"": 0.0, ""wins"": 3, ""ties"": 23, ""losses"": 4}, {""seed"": 1, ""complete"": true, ""pairs"": 30, ""luts_reduction"": 0.1, ""percent"": 0.22058823529411764, ""baseline_feasible"": 30, ""trained_feasible"": 30, ""feasibility_gain_pp"": 0.0, ""wins"": 8, ""ties"": 14, ""losses"": 8}, {""seed"": 2, ""complete"": true, ""pairs"": 30, ""luts_reduction"": 0.26666666666666666, ""percent"": 0.5943536404160475, ""baseline_feasible"": 30, ""trained_feasible"": 30, ""feasibility_gain_pp"": 0.0, ""wins"": 7, ""ties"": 20, ""losses"": 3}]",18,57,15,True,True
int2float,50,uniform,trained-50,0.17777777777777778,"[-0.36666666666666664, 0.7111111111111111]",0.0,"[0.0, 0.0]",90,90,"[{""seed"": 0, ""complete"": true, ""pairs"": 30, ""luts_reduction"": 0.23333333333333334, ""percent"": 0.5177514792899408, ""baseline_feasible"": 30, ""trained_feasible"": 30, ""feasibility_gain_pp"": 0.0, ""wins"": 8, ""ties"": 14, ""losses"": 8}, {""seed"": 1, ""complete"": true, ""pairs"": 30, ""luts_reduction"": -0.16666666666666666, ""percent"": -0.36982248520710054, ""baseline_feasible"": 30, ""trained_feasible"": 30, ""feasibility_gain_pp"": 0.0, ""wins"": 9, ""ties"": 12, ""losses"": 9}, {""seed"": 2, ""complete"": true, ""pairs"": 30, ""luts_reduction"": 0.4666666666666667, ""percent"": 1.0355029585798816, ""baseline_feasible"": 30, ""trained_feasible"": 30, ""feasibility_gain_pp"": 0.0, ""wins"": 12, ""ties"": 14, ""losses"": 4}]",29,40,21,True,True
i2c,50,initial,trained-50,1.6111111111111112,"[0.06666666666666667, 3.5]",0.0,"[0.0, 0.0]",90,90,"[{""seed"": 0, ""complete"": true, ""pairs"": 30, ""luts_reduction"": 2.7666666666666666, ""percent"": 0.9407231100532698, ""baseline_feasible"": 30, ""trained_feasible"": 30, ""feasibility_gain_pp"": 0.0, ""wins"": 17, ""ties"": 3, ""losses"": 10}, {""seed"": 1, ""complete"": true, ""pairs"": 30, ""luts_reduction"": 0.43333333333333335, ""percent"": 0.14407624958439544, ""baseline_feasible"": 30, ""trained_feasible"": 30, ""feasibility_gain_pp"": 0.0, ""wins"": 7, ""ties"": 17, ""losses"": 6}, {""seed"": 2, ""complete"": true, ""pairs"": 30, ""luts_reduction"": 1.6333333333333333, ""percent"": 0.5522993688007214, ""baseline_feasible"": 30, ""trained_feasible"": 30, ""feasibility_gain_pp"": 0.0, ""wins"": 18, ""ties"": 5, ""losses"": 7}]",42,25,23,True,True
i2c,50,uniform,trained-50,0.4777777777777778,"[-4.678333333333333, 5.0]",0.0,"[0.0, 0.0]",90,90,"[{""seed"": 0, ""complete"": true, ""pairs"": 30, ""luts_reduction"": 4.4, ""percent"": 1.4878268710550047, ""baseline_feasible"": 30, ""trained_feasible"": 30, ""feasibility_gain_pp"": 0.0, ""wins"": 21, ""ties"": 0, ""losses"": 9}, {""seed"": 1, ""complete"": true, ""pairs"": 30, ""luts_reduction"": -4.6, ""percent"": -1.555455365193868, ""baseline_feasible"": 30, ""trained_feasible"": 30, ""feasibility_gain_pp"": 0.0, ""wins"": 7, ""ties"": 1, ""losses"": 22}, {""seed"": 2, ""complete"": true, ""pairs"": 30, ""luts_reduction"": 1.6333333333333333, ""percent"": 0.5522993688007214, ""baseline_feasible"": 30, ""trained_feasible"": 30, ""feasibility_gain_pp"": 0.0, ""wins"": 17, ""ties"": 6, ""losses"": 7}]",45,7,38,True,True
max,50,initial,trained-50,,,,,0,0,"[{""seed"": 0, ""complete"": false, ""pairs"": 0, ""luts_reduction"": null, ""percent"": null, ""baseline_feasible"": null, ""trained_feasible"": null, ""feasibility_gain_pp"": null, ""wins"": null, ""ties"": null, ""losses"": null}, {""seed"": 1, ""complete"": false, ""pairs"": 0, ""luts_reduction"": null, ""percent"": null, ""baseline_feasible"": null, ""trained_feasible"": null, ""feasibility_gain_pp"": null, ""wins"": null, ""ties"": null, ""losses"": null}, {""seed"": 2, ""complete"": false, ""pairs"": 0, ""luts_reduction"": null, ""percent"": null, ""baseline_feasible"": null, ""trained_feasible"": null, ""feasibility_gain_pp"": null, ""wins"": null, ""ties"": null, ""losses"": null}]",,,,False,False
max,50,uniform,trained-50,,,,,0,0,"[{""seed"": 0, ""complete"": false, ""pairs"": 0, ""luts_reduction"": null, ""percent"": null, ""baseline_feasible"": null, ""trained_feasible"": null, ""feasibility_gain_pp"": null, ""wins"": null, ""ties"": null, ""losses"": null}, {""seed"": 1, ""complete"": false, ""pairs"": 0, ""luts_reduction"": null, ""percent"": null, ""baseline_feasible"": null, ""trained_feasible"": null, ""feasibility_gain_pp"": null, ""wins"": null, ""ties"": null, ""losses"": null}, {""seed"": 2, ""complete"": false, ""pairs"": 0, ""luts_reduction"": null, ""percent"": null, ""baseline_feasible"": null, ""trained_feasible"": null, ""feasibility_gain_pp"": null, ""wins"": null, ""ties"": null, ""losses"": null}]",,,,False,False
