group,circuit,seed,episode,best_luts,best_levels,best_feasible,terminal_luts,terminal_levels,terminal_feasible,reward
trained,int2float,0,1,46,3,True,46,4,False,4.0
trained,int2float,0,2,49,3,True,51,3,True,-6.0
trained,int2float,0,3,46,3,True,52,3,True,14.0
trained,int2float,0,4,43,3,True,45,3,True,30.0
trained,int2float,0,5,45,3,True,51,3,True,22.0
trained,int2float,0,6,45,3,True,45,3,True,24.0
trained,int2float,0,7,45,3,True,50,3,True,13.0
trained,int2float,0,8,44,3,True,45,4,False,21.0
trained,int2float,0,9,48,3,True,51,3,True,3.0
trained,int2float,0,10,45,3,True,45,3,True,31.0
trained,int2float,0,11,45,3,True,51,3,True,19.0
trained,int2float,0,12,46,3,True,48,3,True,11.0
trained,int2float,0,13,44,3,True,46,3,True,12.0
trained,int2float,0,14,44,3,True,45,4,False,3.0
trained,int2float,0,15,46,3,True,48,3,True,21.0
trained,int2float,0,16,45,3,True,55,3,True,12.0
trained,int2float,0,17,45,3,True,54,3,True,24.0
trained,int2float,0,18,45,3,True,49,3,True,11.0
trained,int2float,0,19,46,3,True,48,3,True,18.0
trained,int2float,0,20,44,3,True,42,4,False,6.0
trained,int2float,0,21,47,3,True,50,3,True,-3.0
trained,int2float,0,22,45,3,True,43,4,False,8.0
trained,int2float,0,23,46,3,True,48,3,True,-8.0
trained,int2float,0,24,46,3,True,47,3,True,-2.0
trained,int2float,0,25,46,3,True,49,3,True,1.0
trained,int2float,0,26,47,3,True,47,3,True,-3.0
trained,int2float,0,27,45,3,True,45,3,True,18.0
trained,int2float,0,28,45,3,True,49,3,True,16.0
trained,int2float,0,29,47,3,True,47,4,False,11.0
trained,int2float,0,30,46,3,True,49,3,True,-3.0
trained,int2float,0,31,45,3,True,45,3,True,14.0
trained,int2float,0,32,44,3,True,51,3,True,26.0
trained,int2float,0,33,44,3,True,48,3,True,4.0
trained,int2float,0,34,44,3,True,48,3,True,16.0
trained,int2float,0,35,45,3,True,45,3,True,8.0
trained,int2float,0,36,47,3,True,50,3,True,5.0
trained,int2float,0,37,45,3,True,48,4,False,-3.0
trained,int2float,0,38,46,3,True,52,3,True,10.0
trained,int2float,0,39,46,3,True,50,3,True,10.0
trained,int2float,0,40,46,3,True,47,3,True,4.0
trained,int2float,0,41,46,3,True,53,3,True,27.0
trained,int2float,0,42,44,3,True,46,4,False,-6.0
trained,int2float,0,43,43,3,True,50,3,True,29.0
trained,int2float,0,44,46,3,True,50,3,True,27.0
trained,int2float,0,45,45,3,True,50,3,True,12.0
trained,int2float,0,46,44,3,True,51,3,True,9.0
trained,int2float,0,47,43,3,True,43,3,True,15.0
trained,int2float,0,48,45,3,True,46,4,False,-1.0
trained,int2float,0,49,47,3,True,49,3,True,18.0
trained,int2float,0,50,44,3,True,49,3,True,12.0
trained,int2float,1,1,45,3,True,46,3,True,14.0
trained,int2float,1,2,47,3,True,48,3,True,10.0
trained,int2float,1,3,47,3,True,48,3,True,10.0
trained,int2float,1,4,48,3,True,51,3,True,7.0
trained,int2float,1,5,45,3,True,48,3,True,14.0
trained,int2float,1,6,46,3,True,47,3,True,14.0
trained,int2float,1,7,46,3,True,51,3,True,9.0
trained,int2float,1,8,44,3,True,48,3,True,9.0
trained,int2float,1,9,44,3,True,53,3,True,19.0
trained,int2float,1,10,44,3,True,49,3,True,22.0
trained,int2float,1,11,46,3,True,46,3,True,9.0
trained,int2float,1,12,46,3,True,47,3,True,13.0
trained,int2float,1,13,47,3,True,48,3,True,9.0
trained,int2float,1,14,43,3,True,44,3,True,18.0
trained,int2float,1,15,48,3,True,49,3,True,22.0
trained,int2float,1,16,46,3,True,51,3,True,10.0
trained,int2float,1,17,46,3,True,53,3,True,18.0
trained,int2float,1,18,45,3,True,50,3,True,18.0
trained,int2float,1,19,44,3,True,46,3,True,7.0
trained,int2float,1,20,46,3,True,47,3,True,15.0
trained,int2float,1,21,44,3,True,46,3,True,21.0
trained,int2float,1,22,46,3,True,48,4,False,6.0
trained,int2float,1,23,46,3,True,47,3,True,21.0
trained,int2float,1,24,45,3,True,45,3,True,18.0
trained,int2float,1,25,45,3,True,48,3,True,3.0
trained,int2float,1,26,47,3,True,47,3,True,15.0
trained,int2float,1,27,46,3,True,47,3,True,17.0
trained,int2float,1,28,46,3,True,48,3,True,-4.0
trained,int2float,1,29,46,3,True,46,3,True,-2.0
trained,int2float,1,30,44,3,True,46,3,True,24.0
trained,int2float,1,31,44,3,True,45,3,True,19.0
trained,int2float,1,32,46,3,True,45,4,False,4.0
trained,int2float,1,33,43,3,True,45,3,True,23.0
trained,int2float,1,34,46,3,True,50,3,True,23.0
trained,int2float,1,35,46,3,True,45,4,False,15.0
trained,int2float,1,36,44,3,True,51,3,True,19.0
trained,int2float,1,37,45,3,True,45,3,True,20.0
trained,int2float,1,38,44,3,True,44,4,False,16.0
trained,int2float,1,39,45,3,True,47,3,True,27.0
trained,int2float,1,40,44,3,True,46,3,True,8.0
trained,int2float,1,41,48,3,True,48,3,True,10.0
trained,int2float,1,42,44,3,True,43,4,False,13.0
trained,int2float,1,43,46,3,True,46,3,True,18.0
trained,int2float,1,44,45,3,True,51,3,True,16.0
trained,int2float,1,45,47,3,True,50,3,True,7.0
trained,int2float,1,46,45,3,True,45,3,True,9.0
trained,int2float,1,47,45,3,True,46,3,True,9.0
trained,int2float,1,48,44,3,True,45,3,True,17.0
trained,int2float,1,49,44,3,True,45,3,True,27.0
trained,int2float,1,50,45,3,True,46,3,True,23.0
trained,int2float,2,1,46,3,True,45,4,False,9.0
trained,int2float,2,2,45,3,True,52,3,True,20.0
trained,int2float,2,3,46,3,True,48,3,True,12.0
trained,int2float,2,4,45,3,True,46,3,True,17.0
trained,int2float,2,5,45,3,True,48,3,True,16.0
trained,int2float,2,6,46,3,True,49,3,True,11.0
trained,int2float,2,7,44,3,True,48,3,True,9.0
trained,int2float,2,8,46,3,True,53,3,True,22.0
trained,int2float,2,9,46,3,True,52,3,True,12.0
trained,int2float,2,10,45,3,True,49,4,False,-8.0
trained,int2float,2,11,44,3,True,54,3,True,-5.0
trained,int2float,2,12,46,3,True,48,3,True,4.0
trained,int2float,2,13,45,3,True,47,3,True,14.0
trained,int2float,2,14,46,3,True,47,3,True,19.0
trained,int2float,2,15,45,3,True,46,3,True,-9.0
trained,int2float,2,16,45,3,True,47,3,True,15.0
trained,int2float,2,17,45,3,True,49,3,True,14.0
trained,int2float,2,18,45,3,True,46,3,True,29.0
trained,int2float,2,19,46,3,True,46,3,True,12.0
trained,int2float,2,20,44,3,True,44,3,True,15.0
trained,int2float,2,21,44,3,True,46,4,False,20.0
trained,int2float,2,22,45,3,True,46,3,True,16.0
trained,int2float,2,23,46,3,True,48,3,True,6.0
trained,int2float,2,24,46,3,True,46,3,True,24.0
trained,int2float,2,25,45,3,True,49,3,True,7.0
trained,int2float,2,26,47,3,True,49,3,True,2.0
trained,int2float,2,27,45,3,True,46,3,True,13.0
trained,int2float,2,28,44,3,True,45,3,True,19.0
trained,int2float,2,29,47,3,True,48,4,False,17.0
trained,int2float,2,30,46,3,True,47,3,True,20.0
trained,int2float,2,31,45,3,True,46,3,True,20.0
trained,int2float,2,32,46,3,True,47,3,True,16.0
trained,int2float,2,33,46,3,True,48,3,True,8.0
trained,int2float,2,34,46,3,True,50,3,True,23.0
trained,int2float,2,35,45,3,True,45,3,True,3.0
trained,int2float,2,36,45,3,True,47,3,True,21.0
trained,int2float,2,37,46,3,True,48,4,False,17.0
trained,int2float,2,38,43,3,True,46,3,True,12.0
trained,int2float,2,39,46,3,True,49,3,True,25.0
trained,int2float,2,40,44,3,True,45,3,True,19.0
trained,int2float,2,41,46,3,True,47,3,True,10.0
trained,int2float,2,42,45,3,True,46,3,True,26.0
trained,int2float,2,43,45,3,True,46,3,True,13.0
trained,int2float,2,44,45,3,True,46,3,True,20.0
trained,int2float,2,45,44,3,True,44,3,True,10.0
trained,int2float,2,46,45,3,True,50,3,True,1.0
trained,int2float,2,47,46,3,True,48,3,True,9.0
trained,int2float,2,48,46,3,True,46,3,True,12.0
trained,int2float,2,49,45,3,True,49,3,True,28.0
trained,int2float,2,50,44,3,True,47,3,True,9.0
trained,i2c,0,1,301,4,True,304,4,True,57.0
trained,i2c,0,2,302,4,True,303,4,True,35.0
trained,i2c,0,3,286,4,True,290,4,True,75.0
trained,i2c,0,4,291,4,True,294,4,True,54.0
trained,i2c,0,5,282,4,True,288,4,True,70.0
trained,i2c,0,6,284,4,True,287,4,True,71.0
trained,i2c,0,7,295,4,True,295,4,True,45.0
trained,i2c,0,8,291,4,True,299,4,True,62.0
trained,i2c,0,9,289,4,True,289,4,True,56.0
trained,i2c,0,10,292,4,True,297,4,True,45.0
trained,i2c,0,11,296,4,True,299,4,True,59.0
trained,i2c,0,12,292,4,True,298,4,True,67.0
trained,i2c,0,13,291,4,True,292,4,True,48.0
trained,i2c,0,14,292,4,True,293,4,True,48.0
trained,i2c,0,15,294,4,True,294,4,True,68.0
trained,i2c,0,16,294,4,True,296,4,True,48.0
trained,i2c,0,17,300,4,True,304,4,True,65.0
trained,i2c,0,18,290,4,True,292,4,True,49.0
trained,i2c,0,19,290,4,True,296,4,True,58.0
trained,i2c,0,20,293,4,True,293,4,True,71.0
trained,i2c,0,21,297,4,True,297,4,True,42.0
trained,i2c,0,22,281,4,True,283,4,True,69.0
trained,i2c,0,23,282,4,True,288,4,True,74.0
trained,i2c,0,24,291,4,True,291,4,True,65.0
trained,i2c,0,25,296,4,True,297,4,True,65.0
trained,i2c,0,26,288,4,True,293,4,True,65.0
trained,i2c,0,27,291,4,True,292,4,True,78.0
trained,i2c,0,28,294,4,True,294,4,True,72.0
trained,i2c,0,29,284,4,True,289,4,True,61.0
trained,i2c,0,30,297,4,True,300,4,True,51.0
trained,i2c,0,31,293,4,True,294,4,True,46.0
trained,i2c,0,32,287,4,True,288,4,True,65.0
trained,i2c,0,33,297,4,True,297,4,True,54.0
trained,i2c,0,34,292,4,True,295,4,True,57.0
trained,i2c,0,35,289,4,True,308,3,True,71.0
trained,i2c,0,36,295,4,True,295,4,True,44.0
trained,i2c,0,37,291,4,True,293,4,True,58.0
trained,i2c,0,38,291,4,True,293,4,True,66.0
trained,i2c,0,39,289,4,True,296,4,True,53.0
trained,i2c,0,40,291,4,True,294,4,True,53.0
trained,i2c,0,41,289,4,True,289,4,True,57.0
trained,i2c,0,42,291,4,True,296,4,True,36.0
trained,i2c,0,43,295,4,True,297,4,True,61.0
trained,i2c,0,44,295,4,True,296,4,True,62.0
trained,i2c,0,45,292,4,True,294,4,True,75.0
trained,i2c,0,46,286,4,True,290,4,True,68.0
trained,i2c,0,47,290,4,True,293,4,True,72.0
trained,i2c,0,48,287,4,True,287,4,True,67.0
trained,i2c,0,49,286,4,True,294,4,True,48.0
trained,i2c,0,50,294,4,True,295,4,True,50.0
trained,i2c,1,1,306,4,True,308,4,True,54.0
trained,i2c,1,2,310,4,True,314,4,True,22.0
trained,i2c,1,3,298,4,True,299,4,True,50.0
trained,i2c,1,4,294,4,True,300,4,True,58.0
trained,i2c,1,5,298,4,True,301,4,True,63.0
trained,i2c,1,6,306,4,True,309,4,True,35.0
trained,i2c,1,7,303,4,True,305,4,True,44.0
trained,i2c,1,8,309,4,True,312,4,True,56.0
trained,i2c,1,9,295,4,True,302,4,True,51.0
trained,i2c,1,10,301,4,True,302,4,True,50.0
trained,i2c,1,11,292,4,True,292,4,True,68.0
trained,i2c,1,12,305,4,True,305,4,True,52.0
trained,i2c,1,13,292,4,True,296,4,True,51.0
trained,i2c,1,14,293,4,True,295,4,True,52.0
trained,i2c,1,15,296,4,True,296,4,True,46.0
trained,i2c,1,16,297,4,True,300,4,True,56.0
trained,i2c,1,17,291,4,True,296,4,True,61.0
trained,i2c,1,18,310,4,True,310,4,True,45.0
trained,i2c,1,19,302,4,True,307,4,True,62.0
trained,i2c,1,20,297,4,True,298,4,True,47.0
trained,i2c,1,21,303,4,True,308,4,True,52.0
trained,i2c,1,22,298,4,True,298,4,True,56.0
trained,i2c,1,23,296,4,True,299,4,True,54.0
trained,i2c,1,24,298,4,True,302,4,True,53.0
trained,i2c,1,25,304,4,True,307,4,True,53.0
trained,i2c,1,26,294,4,True,294,4,True,45.0
trained,i2c,1,27,301,4,True,305,4,True,40.0
trained,i2c,1,28,295,4,True,296,4,True,42.0
trained,i2c,1,29,300,4,True,303,4,True,42.0
trained,i2c,1,30,307,4,True,310,4,True,31.0
trained,i2c,1,31,298,4,True,298,4,True,59.0
trained,i2c,1,32,296,4,True,298,4,True,50.0
trained,i2c,1,33,296,4,True,297,4,True,54.0
trained,i2c,1,34,301,4,True,304,4,True,52.0
trained,i2c,1,35,299,4,True,303,4,True,45.0
trained,i2c,1,36,292,4,True,294,4,True,64.0
trained,i2c,1,37,307,4,True,311,4,True,40.0
trained,i2c,1,38,291,4,True,296,4,True,54.0
trained,i2c,1,39,296,4,True,298,4,True,73.0
trained,i2c,1,40,302,4,True,307,4,True,57.0
trained,i2c,1,41,289,4,True,295,4,True,48.0
trained,i2c,1,42,308,4,True,312,4,True,47.0
trained,i2c,1,43,286,4,True,286,4,True,67.0
trained,i2c,1,44,293,4,True,293,4,True,67.0
trained,i2c,1,45,302,4,True,305,4,True,32.0
trained,i2c,1,46,292,4,True,295,4,True,46.0
trained,i2c,1,47,298,4,True,302,4,True,52.0
trained,i2c,1,48,298,4,True,299,4,True,47.0
trained,i2c,1,49,303,4,True,306,4,True,49.0
trained,i2c,1,50,300,4,True,300,4,True,50.0
trained,i2c,2,1,290,4,True,300,4,True,57.0
trained,i2c,2,2,292,4,True,292,4,True,47.0
trained,i2c,2,3,293,4,True,294,4,True,62.0
trained,i2c,2,4,307,4,True,310,4,True,55.0
trained,i2c,2,5,301,4,True,301,4,True,53.0
trained,i2c,2,6,290,4,True,290,4,True,60.0
trained,i2c,2,7,298,4,True,301,4,True,40.0
trained,i2c,2,8,299,4,True,304,4,True,52.0
trained,i2c,2,9,297,4,True,299,4,True,55.0
trained,i2c,2,10,284,4,True,293,4,True,53.0
trained,i2c,2,11,302,4,True,305,4,True,60.0
trained,i2c,2,12,290,4,True,293,4,True,60.0
trained,i2c,2,13,295,4,True,296,4,True,55.0
trained,i2c,2,14,300,4,True,302,4,True,44.0
trained,i2c,2,15,290,4,True,292,4,True,56.0
trained,i2c,2,16,304,4,True,305,4,True,54.0
trained,i2c,2,17,285,4,True,291,4,True,43.0
trained,i2c,2,18,297,4,True,299,4,True,63.0
trained,i2c,2,19,299,4,True,299,4,True,51.0
trained,i2c,2,20,292,4,True,296,4,True,52.0
trained,i2c,2,21,301,4,True,302,4,True,61.0
trained,i2c,2,22,302,4,True,303,4,True,47.0
trained,i2c,2,23,293,4,True,297,4,True,42.0
trained,i2c,2,24,287,4,True,287,4,True,72.0
trained,i2c,2,25,288,4,True,288,4,True,70.0
trained,i2c,2,26,310,4,True,317,4,True,45.0
trained,i2c,2,27,293,4,True,293,4,True,63.0
trained,i2c,2,28,290,4,True,298,4,True,64.0
trained,i2c,2,29,303,4,True,305,4,True,50.0
trained,i2c,2,30,283,4,True,285,4,True,66.0
trained,i2c,2,31,294,4,True,294,4,True,53.0
trained,i2c,2,32,288,4,True,289,4,True,67.0
trained,i2c,2,33,298,4,True,301,4,True,56.0
trained,i2c,2,34,285,4,True,286,4,True,66.0
trained,i2c,2,35,285,4,True,290,4,True,64.0
trained,i2c,2,36,300,4,True,300,4,True,63.0
trained,i2c,2,37,309,4,True,309,4,True,43.0
trained,i2c,2,38,292,4,True,295,4,True,42.0
trained,i2c,2,39,291,4,True,291,4,True,63.0
trained,i2c,2,40,291,4,True,292,4,True,76.0
trained,i2c,2,41,292,4,True,299,4,True,53.0
trained,i2c,2,42,296,4,True,296,4,True,48.0
trained,i2c,2,43,295,4,True,295,4,True,62.0
trained,i2c,2,44,290,4,True,292,4,True,60.0
trained,i2c,2,45,293,4,True,298,4,True,51.0
trained,i2c,2,46,296,4,True,296,4,True,57.0
trained,i2c,2,47,309,4,True,309,4,True,36.0
trained,i2c,2,48,291,4,True,291,4,True,52.0
trained,i2c,2,49,299,4,True,304,4,True,51.0
trained,i2c,2,50,285,4,True,285,4,True,65.0
trained,max,0,1,786,41,True,818,35,True,12.0
trained,max,0,2,805,43,False,805,43,False,6.0
trained,max,0,3,807,37,True,837,34,True,21.0
trained,max,0,4,769,41,True,793,36,True,19.0
trained,max,0,5,771,41,True,801,36,True,26.0
trained,max,0,6,792,41,True,799,33,True,26.0
trained,max,0,7,778,41,True,817,35,True,15.0
trained,max,0,8,797,39,True,810,35,True,18.0
trained,max,0,9,791,42,False,800,42,False,4.0
trained,max,0,10,773,41,True,796,37,True,17.0
trained,max,0,11,792,41,True,831,34,True,11.0
trained,max,0,12,786,41,True,827,33,True,15.0
trained,max,0,13,791,40,True,825,34,True,14.0
trained,max,0,14,786,41,True,810,38,True,6.0
trained,max,0,15,778,39,True,821,36,True,15.0
trained,max,0,16,775,38,True,795,35,True,26.0
trained,max,0,17,797,40,True,833,36,True,9.0
trained,max,0,18,772,38,True,817,36,True,7.0
trained,max,0,19,785,36,True,816,36,True,12.0
trained,max,0,20,775,39,True,798,37,True,15.0
trained,max,0,21,820,41,True,820,41,True,1.0
trained,max,0,22,767,41,True,790,37,True,12.0
trained,max,0,23,791,41,True,805,39,True,16.0
trained,max,0,24,773,38,True,788,36,True,20.0
trained,max,0,25,799,38,True,829,37,True,16.0
trained,max,0,26,781,41,True,809,32,True,13.0
trained,max,0,27,800,33,True,800,33,True,26.0
trained,max,0,28,790,38,True,809,36,True,21.0
trained,max,0,29,788,39,True,804,39,True,12.0
trained,max,0,30,792,41,True,810,35,True,15.0
trained,max,0,31,799,40,True,815,36,True,12.0
trained,max,0,32,773,40,True,805,36,True,30.0
trained,max,0,33,791,39,True,823,36,True,19.0
trained,max,0,34,769,41,True,802,35,True,12.0
trained,max,0,35,775,40,True,820,38,True,10.0
trained,max,0,36,779,41,True,800,37,True,13.0
trained,max,0,37,769,37,True,797,37,True,24.0
trained,max,0,38,778,41,True,814,38,True,13.0
trained,max,0,39,792,41,True,820,35,True,7.0
trained,max,0,40,776,39,True,794,37,True,15.0
trained,max,0,41,769,36,True,806,34,True,16.0
trained,max,1,1,800,37,True,804,36,True,5.0
trained,max,1,2,774,43,False,774,43,False,4.0
trained,max,1,3,761,40,True,792,37,True,20.0
trained,max,1,4,793,40,True,798,40,True,14.0
trained,max,1,5,810,35,True,828,35,True,8.0
trained,max,1,6,766,41,True,790,40,True,14.0
trained,max,1,7,793,43,False,802,43,False,3.0
trained,max,1,8,760,41,True,774,42,False,10.0
trained,max,1,9,799,38,True,842,36,True,14.0
trained,max,1,10,792,41,True,817,33,True,10.0
trained,max,1,11,777,41,True,800,38,True,12.0
trained,max,1,12,803,40,True,803,40,True,1.0
trained,max,1,13,781,41,True,784,37,True,8.0
trained,max,1,14,802,40,True,810,33,True,14.0
trained,max,1,15,792,41,True,806,36,True,12.0
trained,max,1,16,786,41,True,838,35,True,5.0
trained,max,1,17,747,41,True,800,39,True,21.0
trained,max,1,18,786,41,True,803,36,True,15.0
trained,max,1,19,783,41,True,819,37,True,6.0
trained,max,1,20,797,40,True,801,40,True,16.0
trained,max,1,21,781,38,True,801,38,True,8.0
trained,max,1,22,760,41,True,800,37,True,22.0
trained,max,1,23,765,38,True,796,36,True,24.0
trained,max,1,24,768,41,True,777,39,True,8.0
trained,max,1,25,771,41,True,810,39,True,17.0
trained,max,1,26,803,39,True,811,37,True,16.0
trained,max,1,27,775,41,True,799,37,True,10.0
trained,max,1,28,770,41,True,801,40,True,7.0
trained,max,1,29,772,37,True,775,37,True,10.0
trained,max,1,30,799,40,True,805,34,True,25.0
trained,max,1,31,800,39,True,825,34,True,13.0
trained,max,1,32,764,41,True,789,38,True,20.0
trained,max,1,33,772,40,True,798,37,True,9.0
trained,max,1,34,771,37,True,775,37,True,13.0
trained,max,1,35,764,41,True,795,38,True,13.0
trained,max,1,36,762,40,True,792,38,True,7.0
trained,max,1,37,801,40,True,839,36,True,6.0
trained,max,1,38,761,41,True,804,38,True,3.0
trained,max,1,39,767,41,True,812,33,True,31.0
trained,max,1,40,767,41,True,810,38,True,12.0
trained,max,1,41,765,40,True,782,40,True,11.0
trained,max,1,42,771,41,True,798,40,True,17.0
trained,max,1,43,783,43,False,795,43,False,9.0
trained,max,2,1,783,37,True,787,37,True,14.0
trained,max,2,2,783,39,True,839,33,True,17.0
trained,max,2,3,783,41,True,808,41,True,27.0
trained,max,2,4,781,40,True,836,37,True,14.0
trained,max,2,5,770,40,True,803,38,True,12.0
trained,max,2,6,800,40,True,821,38,True,22.0
trained,max,2,7,783,41,True,820,35,True,11.0
trained,max,2,8,798,41,True,822,35,True,12.0
trained,max,2,9,791,40,True,824,33,True,7.0
trained,max,2,10,755,41,True,818,37,True,13.0
trained,max,2,11,771,39,True,791,38,True,16.0
trained,max,2,12,783,40,True,784,39,True,16.0
trained,max,2,13,797,41,True,805,37,True,20.0
trained,max,2,14,789,38,True,819,34,True,14.0
trained,max,2,15,787,40,True,803,39,True,-7.0
trained,max,2,16,796,38,True,803,35,True,17.0
trained,max,2,17,767,41,True,788,36,True,21.0
trained,max,2,18,767,41,True,784,37,True,8.0
trained,max,2,19,788,40,True,820,33,True,25.0
trained,max,2,20,787,36,True,805,35,True,19.0
trained,max,2,21,781,41,True,808,33,True,24.0
trained,max,2,22,764,41,True,783,36,True,18.0
trained,max,2,23,779,36,True,794,36,True,14.0
trained,max,2,24,778,37,True,778,37,True,19.0
trained,max,2,25,787,41,True,835,35,True,6.0
trained,max,2,26,766,41,True,813,37,True,15.0
trained,max,2,27,801,41,True,806,33,True,15.0
trained,max,2,28,785,40,True,823,33,True,19.0
trained,max,2,29,797,41,True,813,38,True,11.0
trained,max,2,30,769,39,True,808,35,True,30.0
trained,max,2,31,805,40,True,831,33,True,17.0
trained,max,2,32,766,41,True,803,35,True,26.0
trained,max,2,33,766,40,True,788,38,True,14.0
trained,max,2,34,796,40,True,807,34,True,19.0
trained,max,2,35,776,40,True,812,38,True,4.0
trained,max,2,36,775,41,True,799,32,True,16.0
trained,max,2,37,799,36,True,813,36,True,7.0
trained,max,2,38,766,41,True,801,36,True,21.0
trained,max,2,39,780,41,True,780,41,True,22.0
trained,max,2,40,777,39,True,781,37,True,27.0
trained,max,2,41,761,41,True,800,37,True,17.0
trained,max,2,42,786,41,True,821,33,True,12.0
frozen,int2float,0,1,46,3,True,46,4,False,4.0
frozen,int2float,0,2,49,3,True,51,3,True,-6.0
frozen,int2float,0,3,46,3,True,46,3,True,16.0
frozen,int2float,0,4,43,3,True,45,3,True,30.0
frozen,int2float,0,5,45,3,True,51,3,True,22.0
frozen,int2float,0,6,45,3,True,48,3,True,23.0
frozen,int2float,0,7,45,3,True,50,3,True,13.0
frozen,int2float,0,8,44,3,True,45,4,False,21.0
frozen,int2float,0,9,47,3,True,43,4,False,13.0
frozen,int2float,0,10,45,3,True,45,3,True,31.0
frozen,int2float,0,11,45,3,True,51,3,True,19.0
frozen,int2float,0,12,45,3,True,46,3,True,3.0
frozen,int2float,0,13,46,3,True,47,3,True,4.0
frozen,int2float,0,14,46,3,True,48,4,False,4.0
frozen,int2float,0,15,46,3,True,47,3,True,23.0
frozen,int2float,0,16,45,3,True,55,3,True,17.0
frozen,int2float,0,17,44,3,True,54,3,True,25.0
frozen,int2float,0,18,46,3,True,51,3,True,-7.0
frozen,int2float,0,19,46,3,True,48,3,True,15.0
frozen,int2float,0,20,43,3,True,46,3,True,4.0
frozen,int2float,0,21,47,3,True,50,3,True,-6.0
frozen,int2float,0,22,45,3,True,43,4,False,6.0
frozen,int2float,0,23,46,3,True,48,3,True,-8.0
frozen,int2float,0,24,45,3,True,46,3,True,2.0
frozen,int2float,0,25,46,3,True,44,4,False,-1.0
frozen,int2float,0,26,47,3,True,47,3,True,-3.0
frozen,int2float,0,27,46,3,True,46,3,True,14.0
frozen,int2float,0,28,45,3,True,49,3,True,16.0
frozen,int2float,0,29,48,3,True,47,4,False,2.0
frozen,int2float,0,30,46,3,True,49,3,True,2.0
frozen,int2float,0,31,44,3,True,45,3,True,7.0
frozen,int2float,0,32,44,3,True,51,3,True,26.0
frozen,int2float,0,33,44,3,True,47,3,True,4.0
frozen,int2float,0,34,44,3,True,48,3,True,10.0
frozen,int2float,0,35,45,3,True,45,3,True,8.0
frozen,int2float,0,36,47,3,True,50,3,True,-7.0
frozen,int2float,0,37,45,3,True,48,4,False,-1.0
frozen,int2float,0,38,46,3,True,49,3,True,8.0
frozen,int2float,0,39,46,3,True,50,3,True,10.0
frozen,int2float,0,40,46,3,True,47,3,True,-2.0
frozen,int2float,0,41,46,3,True,53,3,True,27.0
frozen,int2float,0,42,44,3,True,46,4,False,-6.0
frozen,int2float,0,43,41,3,True,50,3,True,23.0
frozen,int2float,0,44,45,3,True,50,3,True,20.0
frozen,int2float,0,45,45,3,True,50,3,True,12.0
frozen,int2float,0,46,44,3,True,51,3,True,9.0
frozen,int2float,0,47,43,3,True,44,3,True,8.0
frozen,int2float,0,48,45,3,True,46,4,False,-1.0
frozen,int2float,0,49,47,3,True,49,3,True,18.0
frozen,int2float,0,50,44,3,True,44,3,True,18.0
frozen,int2float,1,1,45,3,True,46,3,True,14.0
frozen,int2float,1,2,46,3,True,47,3,True,5.0
frozen,int2float,1,3,47,3,True,48,3,True,10.0
frozen,int2float,1,4,48,3,True,51,3,True,4.0
frozen,int2float,1,5,45,3,True,48,3,True,14.0
frozen,int2float,1,6,46,3,True,47,3,True,14.0
frozen,int2float,1,7,46,3,True,51,3,True,9.0
frozen,int2float,1,8,46,3,True,48,3,True,10.0
frozen,int2float,1,9,45,3,True,52,3,True,19.0
frozen,int2float,1,10,44,3,True,45,3,True,22.0
frozen,int2float,1,11,46,3,True,46,3,True,9.0
frozen,int2float,1,12,46,3,True,47,3,True,10.0
frozen,int2float,1,13,47,3,True,48,3,True,9.0
frozen,int2float,1,14,43,3,True,44,3,True,18.0
frozen,int2float,1,15,48,3,True,49,3,True,22.0
frozen,int2float,1,16,47,3,True,50,3,True,16.0
frozen,int2float,1,17,46,3,True,53,3,True,18.0
frozen,int2float,1,18,45,3,True,51,3,True,18.0
frozen,int2float,1,19,44,3,True,46,3,True,7.0
frozen,int2float,1,20,46,3,True,47,3,True,15.0
frozen,int2float,1,21,44,3,True,49,3,True,20.0
frozen,int2float,1,22,46,3,True,48,4,False,6.0
frozen,int2float,1,23,44,3,True,48,3,True,11.0
frozen,int2float,1,24,45,3,True,45,3,True,18.0
frozen,int2float,1,25,45,3,True,47,3,True,-2.0
frozen,int2float,1,26,47,3,True,50,3,True,13.0
frozen,int2float,1,27,46,3,True,47,3,True,14.0
frozen,int2float,1,28,47,3,True,51,3,True,-2.0
frozen,int2float,1,29,46,3,True,50,3,True,5.0
frozen,int2float,1,30,43,3,True,45,3,True,17.0
frozen,int2float,1,31,45,3,True,45,3,True,21.0
frozen,int2float,1,32,44,3,True,49,3,True,13.0
frozen,int2float,1,33,43,3,True,45,3,True,23.0
frozen,int2float,1,34,46,3,True,50,3,True,13.0
frozen,int2float,1,35,46,3,True,43,4,False,6.0
frozen,int2float,1,36,44,3,True,52,3,True,23.0
frozen,int2float,1,37,45,3,True,48,3,True,16.0
frozen,int2float,1,38,44,3,True,48,4,False,16.0
frozen,int2float,1,39,48,3,True,52,3,True,24.0
frozen,int2float,1,40,44,3,True,47,3,True,15.0
frozen,int2float,1,41,45,3,True,48,3,True,3.0
frozen,int2float,1,42,44,3,True,48,3,True,10.0
frozen,int2float,1,43,45,3,True,48,3,True,14.0
frozen,int2float,1,44,45,3,True,51,3,True,16.0
frozen,int2float,1,45,47,3,True,50,3,True,7.0
frozen,int2float,1,46,45,3,True,45,3,True,9.0
frozen,int2float,1,47,45,3,True,47,3,True,18.0
frozen,int2float,1,48,43,3,True,46,3,True,12.0
frozen,int2float,1,49,44,3,True,48,3,True,23.0
frozen,int2float,1,50,45,3,True,48,3,True,13.0
frozen,int2float,2,1,46,3,True,45,4,False,9.0
frozen,int2float,2,2,45,3,True,52,3,True,20.0
frozen,int2float,2,3,46,3,True,48,3,True,12.0
frozen,int2float,2,4,45,3,True,46,3,True,17.0
frozen,int2float,2,5,45,3,True,48,3,True,16.0
frozen,int2float,2,6,46,3,True,43,4,False,10.0
frozen,int2float,2,7,44,3,True,48,3,True,9.0
frozen,int2float,2,8,46,3,True,53,3,True,22.0
frozen,int2float,2,9,46,3,True,52,3,True,12.0
frozen,int2float,2,10,45,3,True,49,4,False,-8.0
frozen,int2float,2,11,44,3,True,48,3,True,-2.0
frozen,int2float,2,12,46,3,True,48,3,True,4.0
frozen,int2float,2,13,45,3,True,47,3,True,14.0
frozen,int2float,2,14,45,3,True,51,3,True,15.0
frozen,int2float,2,15,47,3,True,49,3,True,1.0
frozen,int2float,2,16,45,3,True,47,3,True,15.0
frozen,int2float,2,17,45,3,True,48,3,True,15.0
frozen,int2float,2,18,47,3,True,50,3,True,14.0
frozen,int2float,2,19,46,3,True,46,3,True,12.0
frozen,int2float,2,20,44,3,True,44,3,True,15.0
frozen,int2float,2,21,44,3,True,46,4,False,20.0
frozen,int2float,2,22,45,3,True,47,3,True,17.0
frozen,int2float,2,23,46,3,True,48,3,True,13.0
frozen,int2float,2,24,46,3,True,46,3,True,15.0
frozen,int2float,2,25,45,3,True,49,3,True,7.0
frozen,int2float,2,26,47,3,True,49,3,True,2.0
frozen,int2float,2,27,45,3,True,46,3,True,13.0
frozen,int2float,2,28,44,3,True,45,3,True,17.0
frozen,int2float,2,29,47,3,True,48,4,False,17.0
frozen,int2float,2,30,46,3,True,47,3,True,20.0
frozen,int2float,2,31,45,3,True,49,3,True,22.0
frozen,int2float,2,32,45,3,True,48,3,True,16.0
frozen,int2float,2,33,46,3,True,48,3,True,8.0
frozen,int2float,2,34,47,3,True,45,4,False,13.0
frozen,int2float,2,35,45,3,True,47,3,True,17.0
frozen,int2float,2,36,45,3,True,47,3,True,21.0
frozen,int2float,2,37,47,3,True,49,4,False,9.0
frozen,int2float,2,38,43,3,True,45,3,True,16.0
frozen,int2float,2,39,46,3,True,49,3,True,25.0
frozen,int2float,2,40,43,3,True,48,3,True,17.0
frozen,int2float,2,41,46,3,True,47,3,True,10.0
frozen,int2float,2,42,46,3,True,48,3,True,14.0
frozen,int2float,2,43,45,3,True,46,3,True,13.0
frozen,int2float,2,44,45,3,True,45,3,True,16.0
frozen,int2float,2,45,45,3,True,46,3,True,5.0
frozen,int2float,2,46,45,3,True,50,3,True,1.0
frozen,int2float,2,47,46,3,True,47,3,True,10.0
frozen,int2float,2,48,45,3,True,45,3,True,12.0
frozen,int2float,2,49,45,3,True,49,3,True,28.0
frozen,int2float,2,50,45,3,True,46,3,True,-1.0
frozen,i2c,0,1,301,4,True,304,4,True,57.0
frozen,i2c,0,2,302,4,True,303,4,True,35.0
frozen,i2c,0,3,287,4,True,292,4,True,75.0
frozen,i2c,0,4,291,4,True,294,4,True,54.0
frozen,i2c,0,5,292,4,True,300,4,True,61.0
frozen,i2c,0,6,286,4,True,287,4,True,72.0
frozen,i2c,0,7,296,4,True,302,4,True,29.0
frozen,i2c,0,8,296,4,True,296,4,True,66.0
frozen,i2c,0,9,289,4,True,289,4,True,56.0
frozen,i2c,0,10,289,4,True,292,4,True,64.0
frozen,i2c,0,11,296,4,True,299,4,True,59.0
frozen,i2c,0,12,289,4,True,289,4,True,56.0
frozen,i2c,0,13,288,4,True,294,4,True,57.0
frozen,i2c,0,14,291,4,True,295,4,True,54.0
frozen,i2c,0,15,294,4,True,294,4,True,61.0
frozen,i2c,0,16,294,4,True,294,4,True,47.0
frozen,i2c,0,17,300,4,True,304,4,True,65.0
frozen,i2c,0,18,286,4,True,290,4,True,52.0
frozen,i2c,0,19,293,4,True,297,4,True,61.0
frozen,i2c,0,20,293,4,True,293,4,True,67.0
frozen,i2c,0,21,291,4,True,291,4,True,65.0
frozen,i2c,0,22,288,4,True,294,4,True,69.0
frozen,i2c,0,23,290,4,True,292,4,True,52.0
frozen,i2c,0,24,293,4,True,293,4,True,47.0
frozen,i2c,0,25,303,4,True,306,4,True,44.0
frozen,i2c,0,26,288,4,True,293,4,True,67.0
frozen,i2c,0,27,299,4,True,303,4,True,52.0
frozen,i2c,0,28,292,4,True,293,4,True,75.0
frozen,i2c,0,29,285,4,True,291,4,True,63.0
frozen,i2c,0,30,303,4,True,303,4,True,58.0
frozen,i2c,0,31,294,4,True,295,4,True,46.0
frozen,i2c,0,32,295,4,True,298,4,True,64.0
frozen,i2c,0,33,297,4,True,297,4,True,54.0
frozen,i2c,0,34,303,4,True,305,4,True,57.0
frozen,i2c,0,35,290,4,True,292,4,True,49.0
frozen,i2c,0,36,303,4,True,303,4,True,43.0
frozen,i2c,0,37,291,4,True,293,4,True,58.0
frozen,i2c,0,38,287,4,True,287,4,True,60.0
frozen,i2c,0,39,298,4,True,298,4,True,50.0
frozen,i2c,0,40,295,4,True,302,4,True,44.0
frozen,i2c,0,41,286,4,True,286,4,True,57.0
frozen,i2c,0,42,288,4,True,294,4,True,62.0
frozen,i2c,0,43,291,4,True,294,4,True,62.0
frozen,i2c,0,44,295,4,True,299,4,True,53.0
frozen,i2c,0,45,292,4,True,295,4,True,63.0
frozen,i2c,0,46,290,4,True,291,4,True,64.0
frozen,i2c,0,47,293,4,True,298,4,True,65.0
frozen,i2c,0,48,283,4,True,301,4,True,50.0
frozen,i2c,0,49,289,4,True,290,4,True,48.0
frozen,i2c,0,50,294,4,True,294,4,True,61.0
frozen,i2c,1,1,306,4,True,308,4,True,54.0
frozen,i2c,1,2,310,4,True,314,4,True,22.0
frozen,i2c,1,3,298,4,True,299,4,True,50.0
frozen,i2c,1,4,294,4,True,301,4,True,59.0
frozen,i2c,1,5,298,4,True,303,4,True,60.0
frozen,i2c,1,6,304,4,True,307,4,True,39.0
frozen,i2c,1,7,302,4,True,303,4,True,42.0
frozen,i2c,1,8,315,4,True,315,4,True,42.0
frozen,i2c,1,9,295,4,True,302,4,True,51.0
frozen,i2c,1,10,299,4,True,304,4,True,46.0
frozen,i2c,1,11,287,4,True,291,4,True,63.0
frozen,i2c,1,12,308,4,True,308,4,True,47.0
frozen,i2c,1,13,292,4,True,296,4,True,51.0
frozen,i2c,1,14,293,4,True,295,4,True,52.0
frozen,i2c,1,15,296,4,True,296,4,True,46.0
frozen,i2c,1,16,297,4,True,300,4,True,56.0
frozen,i2c,1,17,289,4,True,289,4,True,73.0
frozen,i2c,1,18,310,4,True,310,4,True,45.0
frozen,i2c,1,19,302,4,True,308,4,True,62.0
frozen,i2c,1,20,289,4,True,290,4,True,60.0
frozen,i2c,1,21,303,4,True,308,4,True,52.0
frozen,i2c,1,22,308,4,True,308,4,True,45.0
frozen,i2c,1,23,296,4,True,299,4,True,54.0
frozen,i2c,1,24,302,4,True,307,4,True,50.0
frozen,i2c,1,25,304,4,True,307,4,True,53.0
frozen,i2c,1,26,298,4,True,299,4,True,42.0
frozen,i2c,1,27,301,4,True,305,4,True,40.0
frozen,i2c,1,28,295,4,True,296,4,True,42.0
frozen,i2c,1,29,300,4,True,303,4,True,42.0
frozen,i2c,1,30,306,4,True,306,4,True,35.0
frozen,i2c,1,31,298,4,True,298,4,True,59.0
frozen,i2c,1,32,296,4,True,298,4,True,49.0
frozen,i2c,1,33,291,4,True,292,4,True,54.0
frozen,i2c,1,34,301,4,True,304,4,True,52.0
frozen,i2c,1,35,298,4,True,304,4,True,39.0
frozen,i2c,1,36,293,4,True,296,4,True,57.0
frozen,i2c,1,37,306,4,True,308,4,True,46.0
frozen,i2c,1,38,290,4,True,296,4,True,57.0
frozen,i2c,1,39,303,4,True,305,4,True,68.0
frozen,i2c,1,40,302,4,True,307,4,True,57.0
frozen,i2c,1,41,297,4,True,297,4,True,41.0
frozen,i2c,1,42,308,4,True,312,4,True,47.0
frozen,i2c,1,43,297,4,True,298,4,True,51.0
frozen,i2c,1,44,293,4,True,293,4,True,67.0
frozen,i2c,1,45,302,4,True,305,4,True,32.0
frozen,i2c,1,46,292,4,True,297,4,True,43.0
frozen,i2c,1,47,299,4,True,304,4,True,61.0
frozen,i2c,1,48,296,4,True,297,4,True,55.0
frozen,i2c,1,49,304,4,True,307,4,True,44.0
frozen,i2c,1,50,300,4,True,300,4,True,50.0
frozen,i2c,2,1,290,4,True,300,4,True,57.0
frozen,i2c,2,2,292,4,True,292,4,True,47.0
frozen,i2c,2,3,293,4,True,294,4,True,62.0
frozen,i2c,2,4,307,4,True,310,4,True,55.0
frozen,i2c,2,5,301,4,True,301,4,True,53.0
frozen,i2c,2,6,290,4,True,290,4,True,57.0
frozen,i2c,2,7,298,4,True,299,4,True,39.0
frozen,i2c,2,8,301,4,True,302,4,True,47.0
frozen,i2c,2,9,300,4,True,306,4,True,58.0
frozen,i2c,2,10,295,4,True,299,4,True,44.0
frozen,i2c,2,11,309,4,True,313,4,True,48.0
frozen,i2c,2,12,291,4,True,292,4,True,61.0
frozen,i2c,2,13,293,4,True,295,4,True,57.0
frozen,i2c,2,14,291,4,True,291,4,True,52.0
frozen,i2c,2,15,290,4,True,292,4,True,56.0
frozen,i2c,2,16,304,4,True,305,4,True,54.0
frozen,i2c,2,17,285,4,True,291,4,True,43.0
frozen,i2c,2,18,299,4,True,302,4,True,56.0
frozen,i2c,2,19,301,4,True,301,4,True,49.0
frozen,i2c,2,20,296,4,True,302,4,True,49.0
frozen,i2c,2,21,293,4,True,295,4,True,62.0
frozen,i2c,2,22,299,4,True,299,4,True,46.0
frozen,i2c,2,23,294,4,True,296,4,True,63.0
frozen,i2c,2,24,291,4,True,293,4,True,59.0
frozen,i2c,2,25,288,4,True,288,4,True,70.0
frozen,i2c,2,26,310,4,True,317,4,True,45.0
frozen,i2c,2,27,297,4,True,297,4,True,70.0
frozen,i2c,2,28,292,4,True,294,4,True,53.0
frozen,i2c,2,29,302,4,True,304,4,True,49.0
frozen,i2c,2,30,285,4,True,288,4,True,64.0
frozen,i2c,2,31,288,4,True,291,4,True,73.0
frozen,i2c,2,32,290,4,True,292,4,True,57.0
frozen,i2c,2,33,298,4,True,299,4,True,55.0
frozen,i2c,2,34,285,4,True,285,4,True,68.0
frozen,i2c,2,35,289,4,True,291,4,True,67.0
frozen,i2c,2,36,300,4,True,300,4,True,63.0
frozen,i2c,2,37,306,4,True,306,4,True,38.0
frozen,i2c,2,38,290,4,True,293,4,True,49.0
frozen,i2c,2,39,294,4,True,295,4,True,60.0
frozen,i2c,2,40,289,4,True,289,4,True,77.0
frozen,i2c,2,41,300,4,True,303,4,True,43.0
frozen,i2c,2,42,298,4,True,298,4,True,45.0
frozen,i2c,2,43,295,4,True,295,4,True,62.0
frozen,i2c,2,44,295,4,True,298,4,True,41.0
frozen,i2c,2,45,291,4,True,298,4,True,56.0
frozen,i2c,2,46,297,4,True,297,4,True,46.0
frozen,i2c,2,47,305,4,True,306,4,True,44.0
frozen,i2c,2,48,291,4,True,291,4,True,51.0
frozen,i2c,2,49,299,4,True,304,4,True,54.0
frozen,i2c,2,50,291,4,True,299,4,True,55.0
frozen,max,0,1,786,41,True,818,35,True,12.0
frozen,max,0,2,805,43,False,805,43,False,6.0
frozen,max,0,3,807,37,True,837,34,True,21.0
frozen,max,0,4,769,41,True,793,36,True,19.0
frozen,max,0,5,771,41,True,801,36,True,26.0
frozen,max,0,6,792,41,True,799,33,True,26.0
frozen,max,0,7,778,41,True,817,35,True,15.0
frozen,max,0,8,797,39,True,810,35,True,18.0
frozen,max,0,9,803,42,False,813,42,False,1.0
frozen,max,0,10,773,41,True,786,37,True,18.0
frozen,max,0,11,792,41,True,831,34,True,11.0
frozen,max,0,12,786,41,True,827,33,True,12.0
frozen,max,0,13,791,40,True,813,34,True,9.0
frozen,max,0,14,758,39,True,805,38,True,14.0
frozen,max,0,15,778,39,True,820,35,True,13.0
frozen,max,0,16,775,38,True,795,35,True,26.0
frozen,max,0,17,797,40,True,833,36,True,9.0
frozen,max,0,18,768,38,True,817,36,True,4.0
frozen,max,0,19,785,36,True,816,36,True,12.0
frozen,max,0,20,781,37,True,783,37,True,10.0
frozen,max,0,21,820,41,True,820,41,True,1.0
frozen,max,0,22,778,39,True,800,37,True,12.0
frozen,max,0,23,790,39,True,808,39,True,16.0
frozen,max,0,24,774,38,True,791,36,True,13.0
frozen,max,0,25,782,40,True,834,36,True,22.0
frozen,max,0,26,781,41,True,809,32,True,15.0
frozen,max,0,27,796,37,True,802,33,True,26.0
frozen,max,0,28,790,38,True,808,35,True,24.0
frozen,max,0,29,788,39,True,800,39,True,1.0
frozen,max,0,30,792,41,True,810,35,True,15.0
frozen,max,0,31,799,40,True,806,38,True,10.0
frozen,max,0,32,782,39,True,784,38,True,28.0
frozen,max,0,33,791,39,True,823,36,True,19.0
frozen,max,0,34,795,40,True,811,39,True,15.0
frozen,max,0,35,782,41,True,782,41,True,5.0
frozen,max,0,36,789,41,True,787,42,False,2.0
frozen,max,0,37,769,37,True,797,37,True,24.0
frozen,max,0,38,775,40,True,796,38,True,13.0
frozen,max,0,39,792,41,True,820,35,True,7.0
frozen,max,0,40,775,37,True,778,37,True,14.0
frozen,max,0,41,771,36,True,806,34,True,18.0
frozen,max,0,42,767,37,True,801,36,True,19.0
frozen,max,0,43,789,39,True,814,34,True,27.0
frozen,max,0,44,774,38,True,808,37,True,20.0
frozen,max,0,45,790,36,True,826,36,True,17.0
frozen,max,0,46,789,41,True,823,37,True,17.0
frozen,max,0,47,764,41,True,802,36,True,12.0
frozen,max,0,48,797,35,True,797,35,True,20.0
frozen,max,1,1,800,37,True,804,36,True,5.0
frozen,max,1,2,774,43,False,774,43,False,4.0
frozen,max,1,3,763,41,True,791,39,True,13.0
frozen,max,1,4,793,40,True,798,40,True,14.0
frozen,max,1,5,810,35,True,828,35,True,8.0
frozen,max,1,6,766,41,True,790,40,True,14.0
frozen,max,1,7,793,43,False,802,43,False,3.0
frozen,max,1,8,770,41,True,788,42,False,6.0
frozen,max,1,9,785,39,True,807,36,True,20.0
frozen,max,1,10,792,41,True,817,34,True,13.0
frozen,max,1,11,777,41,True,800,38,True,12.0
frozen,max,1,12,774,41,True,774,41,True,1.0
frozen,max,1,13,781,41,True,784,37,True,8.0
frozen,max,1,14,802,40,True,810,33,True,14.0
frozen,max,1,15,792,41,True,832,35,True,15.0
frozen,max,1,16,786,41,True,838,35,True,5.0
frozen,max,1,17,747,41,True,801,39,True,21.0
frozen,max,1,18,786,41,True,803,36,True,15.0
frozen,max,1,19,783,41,True,819,37,True,6.0
frozen,max,1,20,797,40,True,801,40,True,16.0
frozen,max,1,21,781,38,True,801,38,True,8.0
frozen,max,1,22,760,41,True,800,37,True,22.0
frozen,max,1,23,779,40,True,783,38,True,4.0
frozen,max,1,24,768,41,True,777,39,True,10.0
frozen,max,1,25,793,41,True,808,39,True,10.0
frozen,max,1,26,803,39,True,811,37,True,16.0
frozen,max,1,27,775,41,True,799,37,True,10.0
frozen,max,1,28,777,40,True,804,40,True,16.0
frozen,max,1,29,772,37,True,775,37,True,10.0
frozen,max,1,30,799,40,True,806,34,True,20.0
frozen,max,1,31,800,39,True,825,34,True,13.0
frozen,max,1,32,763,40,True,788,39,True,10.0
frozen,max,1,33,772,40,True,798,37,True,7.0
frozen,max,1,34,784,41,True,798,37,True,4.0
frozen,max,1,35,783,41,True,788,40,True,11.0
frozen,max,1,36,762,40,True,792,38,True,12.0
frozen,max,1,37,801,40,True,839,36,True,6.0
frozen,max,1,38,765,40,True,800,38,True,12.0
frozen,max,1,39,767,41,True,805,34,True,21.0
frozen,max,1,40,767,41,True,808,38,True,3.0
frozen,max,1,41,765,40,True,782,40,True,11.0
frozen,max,1,42,772,41,True,779,40,True,23.0
frozen,max,1,43,786,43,False,789,44,False,8.0
frozen,max,1,44,770,40,True,784,39,True,14.0
frozen,max,1,45,796,44,False,799,44,False,5.0
frozen,max,1,46,774,41,True,777,40,True,13.0
frozen,max,1,47,798,41,True,812,37,True,15.0
frozen,max,1,48,776,39,True,810,37,True,19.0
frozen,max,1,49,802,38,True,810,37,True,14.0
frozen,max,1,50,776,43,False,782,43,False,1.0
frozen,max,2,1,783,37,True,787,37,True,14.0
frozen,max,2,2,783,39,True,839,33,True,17.0
frozen,max,2,3,783,41,True,808,41,True,27.0
frozen,max,2,4,804,40,True,820,38,True,15.0
frozen,max,2,5,785,39,True,795,37,True,11.0
frozen,max,2,6,800,40,True,821,38,True,22.0
frozen,max,2,7,781,41,True,808,36,True,19.0
frozen,max,2,8,798,41,True,821,36,True,7.0
frozen,max,2,9,791,40,True,824,33,True,7.0
frozen,max,2,10,765,38,True,765,38,True,25.0
frozen,max,2,11,771,39,True,782,39,True,11.0
frozen,max,2,12,783,39,True,783,39,True,17.0
frozen,max,2,13,797,41,True,805,37,True,20.0
frozen,max,2,14,789,38,True,819,34,True,14.0
frozen,max,2,15,778,40,True,791,38,True,9.0
frozen,max,2,16,796,38,True,803,35,True,17.0
frozen,max,2,17,767,41,True,788,36,True,21.0
frozen,max,2,18,768,41,True,784,37,True,12.0
frozen,max,2,19,788,40,True,820,33,True,25.0
frozen,max,2,20,787,36,True,805,35,True,19.0
frozen,max,2,21,781,41,True,821,32,True,17.0
frozen,max,2,22,765,41,True,792,37,True,20.0
frozen,max,2,23,779,36,True,793,35,True,14.0
frozen,max,2,24,778,38,True,778,38,True,9.0
frozen,max,2,25,787,41,True,835,35,True,6.0
frozen,max,2,26,766,41,True,813,37,True,15.0
frozen,max,2,27,801,41,True,806,33,True,15.0
frozen,max,2,28,785,40,True,823,33,True,19.0
frozen,max,2,29,797,41,True,813,38,True,11.0
frozen,max,2,30,769,39,True,808,35,True,29.0
frozen,max,2,31,800,34,True,800,34,True,27.0
frozen,max,2,32,772,40,True,787,37,True,38.0
frozen,max,2,33,766,40,True,788,38,True,14.0
frozen,max,2,34,794,33,True,826,32,True,14.0
frozen,max,2,35,773,38,True,773,38,True,14.0
frozen,max,2,36,775,41,True,802,32,True,16.0
frozen,max,2,37,791,38,True,819,37,True,19.0
frozen,max,2,38,766,41,True,802,35,True,26.0
frozen,max,2,39,779,41,True,808,40,True,17.0
frozen,max,2,40,777,39,True,781,37,True,27.0
frozen,max,2,41,761,41,True,783,38,True,18.0
frozen,max,2,42,786,41,True,821,33,True,12.0
frozen,max,2,43,766,40,True,792,36,True,3.0
frozen,max,2,44,789,39,True,824,33,True,14.0
frozen,max,2,45,759,40,True,770,38,True,27.0
frozen,max,2,46,770,41,True,812,39,True,22.0
frozen,max,2,47,812,37,True,825,34,True,19.0
frozen,max,2,48,775,41,True,791,37,True,20.0
frozen,max,2,49,790,41,True,817,33,True,17.0
uniform,int2float,0,1,47,3,True,49,3,True,19.0
uniform,int2float,0,2,47,3,True,48,3,True,11.0
uniform,int2float,0,3,45,3,True,50,3,True,15.0
uniform,int2float,0,4,44,3,True,47,3,True,12.0
uniform,int2float,0,5,44,3,True,46,3,True,9.0
uniform,int2float,0,6,44,3,True,45,3,True,22.0
uniform,int2float,0,7,44,3,True,49,3,True,10.0
uniform,int2float,0,8,45,3,True,49,3,True,27.0
uniform,int2float,0,9,46,3,True,51,3,True,11.0
uniform,int2float,0,10,45,3,True,49,3,True,16.0
uniform,int2float,0,11,45,3,True,48,3,True,10.0
uniform,int2float,0,12,47,3,True,52,3,True,16.0
uniform,int2float,0,13,46,3,True,49,3,True,8.0
uniform,int2float,0,14,43,3,True,53,3,True,-3.0
uniform,int2float,0,15,47,3,True,48,3,True,15.0
uniform,int2float,0,16,44,3,True,48,3,True,3.0
uniform,int2float,0,17,46,3,True,49,3,True,19.0
uniform,int2float,0,18,43,3,True,48,3,True,10.0
uniform,int2float,0,19,46,3,True,51,3,True,10.0
uniform,int2float,0,20,46,3,True,51,3,True,0.0
uniform,int2float,0,21,47,3,True,49,3,True,3.0
uniform,int2float,0,22,45,3,True,47,3,True,7.0
uniform,int2float,0,23,46,3,True,48,3,True,-5.0
uniform,int2float,0,24,45,3,True,42,4,False,-3.0
uniform,int2float,0,25,47,3,True,50,3,True,-1.0
uniform,int2float,0,26,48,3,True,50,3,True,11.0
uniform,int2float,0,27,44,3,True,46,3,True,14.0
uniform,int2float,0,28,42,3,True,48,3,True,13.0
uniform,int2float,0,29,46,3,True,47,4,False,7.0
uniform,int2float,0,30,46,3,True,49,3,True,3.0
uniform,int2float,0,31,45,3,True,49,3,True,13.0
uniform,int2float,0,32,44,3,True,48,3,True,16.0
uniform,int2float,0,33,45,3,True,48,3,True,12.0
uniform,int2float,0,34,45,3,True,47,3,True,3.0
uniform,int2float,0,35,46,3,True,52,3,True,-1.0
uniform,int2float,0,36,45,3,True,50,3,True,3.0
uniform,int2float,0,37,43,3,True,46,4,False,11.0
uniform,int2float,0,38,46,3,True,50,3,True,7.0
uniform,int2float,0,39,47,3,True,50,3,True,8.0
uniform,int2float,0,40,46,3,True,47,3,True,0.0
uniform,int2float,0,41,46,3,True,49,3,True,13.0
uniform,int2float,0,42,44,3,True,46,3,True,-10.0
uniform,int2float,0,43,44,3,True,44,4,False,16.0
uniform,int2float,0,44,45,3,True,50,3,True,15.0
uniform,int2float,0,45,46,3,True,48,3,True,18.0
uniform,int2float,0,46,43,3,True,46,4,False,5.0
uniform,int2float,0,47,46,3,True,52,3,True,19.0
uniform,int2float,0,48,45,3,True,51,3,True,22.0
uniform,int2float,0,49,45,3,True,52,3,True,4.0
uniform,int2float,0,50,46,3,True,47,3,True,14.0
uniform,int2float,1,1,44,3,True,48,3,True,6.0
uniform,int2float,1,2,45,3,True,46,3,True,11.0
uniform,int2float,1,3,45,3,True,46,3,True,-3.0
uniform,int2float,1,4,46,3,True,51,3,True,6.0
uniform,int2float,1,5,45,3,True,45,3,True,12.0
uniform,int2float,1,6,46,3,True,48,3,True,6.0
uniform,int2float,1,7,46,3,True,51,3,True,9.0
uniform,int2float,1,8,46,3,True,46,4,False,-6.0
uniform,int2float,1,9,45,3,True,48,3,True,16.0
uniform,int2float,1,10,46,3,True,48,3,True,10.0
uniform,int2float,1,11,46,3,True,48,3,True,10.0
uniform,int2float,1,12,46,3,True,48,3,True,-3.0
uniform,int2float,1,13,47,3,True,48,3,True,11.0
uniform,int2float,1,14,42,3,True,46,3,True,15.0
uniform,int2float,1,15,48,3,True,50,3,True,17.0
uniform,int2float,1,16,47,3,True,50,3,True,20.0
uniform,int2float,1,17,46,3,True,48,3,True,11.0
uniform,int2float,1,18,46,3,True,50,3,True,14.0
uniform,int2float,1,19,45,3,True,43,4,False,17.0
uniform,int2float,1,20,47,3,True,47,3,True,20.0
uniform,int2float,1,21,45,3,True,53,3,True,11.0
uniform,int2float,1,22,44,3,True,46,3,True,8.0
uniform,int2float,1,23,45,3,True,47,3,True,20.0
uniform,int2float,1,24,45,3,True,48,3,True,10.0
uniform,int2float,1,25,46,3,True,46,3,True,11.0
uniform,int2float,1,26,47,3,True,49,3,True,11.0
uniform,int2float,1,27,45,3,True,45,3,True,12.0
uniform,int2float,1,28,47,3,True,48,3,True,2.0
uniform,int2float,1,29,47,3,True,48,3,True,6.0
uniform,int2float,1,30,44,3,True,44,3,True,23.0
uniform,int2float,1,31,44,3,True,48,3,True,8.0
uniform,int2float,1,32,44,3,True,48,3,True,10.0
uniform,int2float,1,33,45,3,True,50,3,True,9.0
uniform,int2float,1,34,46,3,True,55,3,True,3.0
uniform,int2float,1,35,46,3,True,47,3,True,-1.0
uniform,int2float,1,36,45,3,True,49,3,True,22.0
uniform,int2float,1,37,47,3,True,47,3,True,10.0
uniform,int2float,1,38,44,3,True,47,4,False,19.0
uniform,int2float,1,39,47,3,True,52,3,True,9.0
uniform,int2float,1,40,43,3,True,50,3,True,-1.0
uniform,int2float,1,41,44,3,True,45,3,True,11.0
uniform,int2float,1,42,47,3,True,48,3,True,-2.0
uniform,int2float,1,43,45,3,True,48,3,True,18.0
uniform,int2float,1,44,47,3,True,50,3,True,17.0
uniform,int2float,1,45,47,3,True,50,3,True,7.0
uniform,int2float,1,46,46,3,True,47,3,True,10.0
uniform,int2float,1,47,45,3,True,46,3,True,14.0
uniform,int2float,1,48,43,3,True,49,3,True,19.0
uniform,int2float,1,49,45,3,True,48,3,True,17.0
uniform,int2float,1,50,45,3,True,47,3,True,1.0
uniform,int2float,2,1,46,3,True,45,4,False,9.0
uniform,int2float,2,2,45,3,True,52,3,True,14.0
uniform,int2float,2,3,47,3,True,48,3,True,12.0
uniform,int2float,2,4,44,3,True,47,3,True,21.0
uniform,int2float,2,5,45,3,True,48,3,True,16.0
uniform,int2float,2,6,47,3,True,43,4,False,-4.0
uniform,int2float,2,7,45,3,True,47,3,True,12.0
uniform,int2float,2,8,43,3,True,55,3,True,20.0
uniform,int2float,2,9,48,3,True,51,3,True,8.0
uniform,int2float,2,10,45,3,True,49,4,False,-8.0
uniform,int2float,2,11,44,3,True,49,3,True,-2.0
uniform,int2float,2,12,44,3,True,48,3,True,-5.0
uniform,int2float,2,13,46,3,True,48,3,True,21.0
uniform,int2float,2,14,45,3,True,48,3,True,21.0
uniform,int2float,2,15,45,3,True,44,4,False,-2.0
uniform,int2float,2,16,46,3,True,50,3,True,11.0
uniform,int2float,2,17,46,3,True,48,3,True,13.0
uniform,int2float,2,18,45,3,True,49,3,True,4.0
uniform,int2float,2,19,46,3,True,46,3,True,12.0
uniform,int2float,2,20,43,3,True,48,3,True,9.0
uniform,int2float,2,21,46,3,True,49,3,True,1.0
uniform,int2float,2,22,45,3,True,48,3,True,13.0
uniform,int2float,2,23,46,3,True,47,3,True,9.0
uniform,int2float,2,24,46,3,True,46,3,True,16.0
uniform,int2float,2,25,46,3,True,49,3,True,8.0
uniform,int2float,2,26,47,3,True,49,3,True,2.0
uniform,int2float,2,27,47,3,True,49,3,True,19.0
uniform,int2float,2,28,45,3,True,50,3,True,20.0
uniform,int2float,2,29,47,3,True,44,4,False,-2.0
uniform,int2float,2,30,46,3,True,47,3,True,21.0
uniform,int2float,2,31,45,3,True,48,3,True,14.0
uniform,int2float,2,32,46,3,True,49,3,True,12.0
uniform,int2float,2,33,46,3,True,46,3,True,8.0
uniform,int2float,2,34,47,3,True,45,4,False,13.0
uniform,int2float,2,35,46,3,True,50,3,True,7.0
uniform,int2float,2,36,45,3,True,47,3,True,15.0
uniform,int2float,2,37,45,3,True,47,3,True,2.0
uniform,int2float,2,38,43,3,True,43,3,True,2.0
uniform,int2float,2,39,46,3,True,48,3,True,18.0
uniform,int2float,2,40,46,3,True,47,3,True,11.0
uniform,int2float,2,41,47,3,True,48,3,True,0.0
uniform,int2float,2,42,46,3,True,47,3,True,15.0
uniform,int2float,2,43,45,3,True,46,3,True,13.0
uniform,int2float,2,44,43,3,True,43,3,True,16.0
uniform,int2float,2,45,44,3,True,47,3,True,2.0
uniform,int2float,2,46,45,3,True,53,3,True,1.0
uniform,int2float,2,47,46,3,True,50,3,True,10.0
uniform,int2float,2,48,46,3,True,48,3,True,13.0
uniform,int2float,2,49,43,3,True,48,3,True,22.0
uniform,int2float,2,50,46,3,True,46,3,True,6.0
uniform,i2c,0,1,301,4,True,302,4,True,38.0
uniform,i2c,0,2,298,4,True,298,4,True,36.0
uniform,i2c,0,3,290,4,True,290,4,True,69.0
uniform,i2c,0,4,296,4,True,299,4,True,57.0
uniform,i2c,0,5,290,4,True,297,4,True,58.0
uniform,i2c,0,6,298,4,True,298,4,True,46.0
uniform,i2c,0,7,296,4,True,296,4,True,46.0
uniform,i2c,0,8,289,4,True,291,4,True,64.0
uniform,i2c,0,9,288,4,True,290,4,True,52.0
uniform,i2c,0,10,287,4,True,289,4,True,74.0
uniform,i2c,0,11,290,4,True,293,4,True,40.0
uniform,i2c,0,12,296,4,True,296,4,True,41.0
uniform,i2c,0,13,295,4,True,296,4,True,56.0
uniform,i2c,0,14,296,4,True,299,4,True,52.0
uniform,i2c,0,15,295,4,True,322,3,True,39.0
uniform,i2c,0,16,294,4,True,294,4,True,57.0
uniform,i2c,0,17,302,4,True,302,4,True,56.0
uniform,i2c,0,18,289,4,True,295,4,True,53.0
uniform,i2c,0,19,294,4,True,295,4,True,61.0
uniform,i2c,0,20,298,4,True,300,4,True,51.0
uniform,i2c,0,21,290,4,True,290,4,True,59.0
uniform,i2c,0,22,292,4,True,293,4,True,62.0
uniform,i2c,0,23,290,4,True,290,4,True,51.0
uniform,i2c,0,24,293,4,True,297,4,True,52.0
uniform,i2c,0,25,304,4,True,305,4,True,38.0
uniform,i2c,0,26,298,4,True,302,4,True,44.0
uniform,i2c,0,27,291,4,True,297,4,True,49.0
uniform,i2c,0,28,296,4,True,296,4,True,50.0
uniform,i2c,0,29,296,4,True,299,4,True,50.0
uniform,i2c,0,30,294,4,True,298,4,True,45.0
uniform,i2c,0,31,303,4,True,307,4,True,48.0
uniform,i2c,0,32,292,4,True,295,4,True,53.0
uniform,i2c,0,33,305,4,True,305,4,True,55.0
uniform,i2c,0,34,296,4,True,296,4,True,60.0
uniform,i2c,0,35,303,4,True,307,4,True,25.0
uniform,i2c,0,36,300,4,True,302,4,True,38.0
uniform,i2c,0,37,285,4,True,295,4,True,67.0
uniform,i2c,0,38,289,4,True,289,4,True,56.0
uniform,i2c,0,39,294,4,True,295,4,True,57.0
uniform,i2c,0,40,296,4,True,297,4,True,53.0
uniform,i2c,0,41,293,4,True,299,4,True,52.0
uniform,i2c,0,42,288,4,True,291,4,True,46.0
uniform,i2c,0,43,302,4,True,302,4,True,61.0
uniform,i2c,0,44,303,4,True,305,4,True,49.0
uniform,i2c,0,45,299,4,True,301,4,True,58.0
uniform,i2c,0,46,300,4,True,300,4,True,55.0
uniform,i2c,0,47,290,4,True,300,4,True,44.0
uniform,i2c,0,48,298,4,True,299,4,True,53.0
uniform,i2c,0,49,293,4,True,294,4,True,49.0
uniform,i2c,0,50,302,4,True,302,4,True,60.0
uniform,i2c,1,1,293,4,True,298,4,True,58.0
uniform,i2c,1,2,301,4,True,304,4,True,32.0
uniform,i2c,1,3,294,4,True,299,4,True,56.0
uniform,i2c,1,4,290,4,True,291,4,True,56.0
uniform,i2c,1,5,290,4,True,290,4,True,61.0
uniform,i2c,1,6,298,4,True,306,4,True,56.0
uniform,i2c,1,7,301,4,True,302,4,True,41.0
uniform,i2c,1,8,298,4,True,301,4,True,54.0
uniform,i2c,1,9,295,4,True,295,4,True,64.0
uniform,i2c,1,10,295,4,True,297,4,True,40.0
uniform,i2c,1,11,297,4,True,299,4,True,34.0
uniform,i2c,1,12,301,4,True,307,4,True,50.0
uniform,i2c,1,13,293,4,True,293,4,True,53.0
uniform,i2c,1,14,291,4,True,295,4,True,52.0
uniform,i2c,1,15,300,4,True,302,4,True,64.0
uniform,i2c,1,16,305,4,True,305,4,True,56.0
uniform,i2c,1,17,295,4,True,300,4,True,59.0
uniform,i2c,1,18,302,4,True,302,4,True,54.0
uniform,i2c,1,19,291,4,True,294,4,True,50.0
uniform,i2c,1,20,300,4,True,302,4,True,43.0
uniform,i2c,1,21,297,4,True,299,4,True,43.0
uniform,i2c,1,22,290,4,True,298,4,True,51.0
uniform,i2c,1,23,291,4,True,293,4,True,54.0
uniform,i2c,1,24,307,4,True,307,4,True,55.0
uniform,i2c,1,25,293,4,True,298,4,True,53.0
uniform,i2c,1,26,294,4,True,301,4,True,44.0
uniform,i2c,1,27,289,4,True,290,4,True,45.0
uniform,i2c,1,28,285,4,True,289,4,True,54.0
uniform,i2c,1,29,302,4,True,303,4,True,34.0
uniform,i2c,1,30,301,4,True,304,4,True,57.0
uniform,i2c,1,31,299,4,True,302,4,True,41.0
uniform,i2c,1,32,286,4,True,286,4,True,68.0
uniform,i2c,1,33,277,4,True,277,4,True,69.0
uniform,i2c,1,34,294,4,True,294,4,True,65.0
uniform,i2c,1,35,288,4,True,297,4,True,42.0
uniform,i2c,1,36,290,4,True,295,4,True,62.0
uniform,i2c,1,37,299,4,True,303,4,True,37.0
uniform,i2c,1,38,290,4,True,291,4,True,52.0
uniform,i2c,1,39,292,4,True,295,4,True,69.0
uniform,i2c,1,40,282,4,True,282,4,True,65.0
uniform,i2c,1,41,294,4,True,296,4,True,46.0
uniform,i2c,1,42,286,4,True,290,4,True,64.0
uniform,i2c,1,43,292,4,True,301,4,True,56.0
uniform,i2c,1,44,283,4,True,287,4,True,52.0
uniform,i2c,1,45,303,4,True,303,4,True,49.0
uniform,i2c,1,46,292,4,True,294,4,True,52.0
uniform,i2c,1,47,293,4,True,297,4,True,59.0
uniform,i2c,1,48,294,4,True,294,4,True,66.0
uniform,i2c,1,49,308,4,True,331,3,True,42.0
uniform,i2c,1,50,296,4,True,298,4,True,43.0
uniform,i2c,2,1,293,4,True,297,4,True,55.0
uniform,i2c,2,2,293,4,True,293,4,True,55.0
uniform,i2c,2,3,290,4,True,291,4,True,68.0
uniform,i2c,2,4,307,4,True,308,4,True,50.0
uniform,i2c,2,5,298,4,True,301,4,True,53.0
uniform,i2c,2,6,292,4,True,296,4,True,50.0
uniform,i2c,2,7,296,4,True,297,4,True,61.0
uniform,i2c,2,8,298,4,True,302,4,True,56.0
uniform,i2c,2,9,303,4,True,303,4,True,48.0
uniform,i2c,2,10,293,4,True,295,4,True,34.0
uniform,i2c,2,11,299,4,True,299,4,True,46.0
uniform,i2c,2,12,289,4,True,289,4,True,59.0
uniform,i2c,2,13,292,4,True,293,4,True,44.0
uniform,i2c,2,14,303,4,True,308,4,True,42.0
uniform,i2c,2,15,301,4,True,303,4,True,40.0
uniform,i2c,2,16,299,4,True,301,4,True,61.0
uniform,i2c,2,17,287,4,True,287,4,True,60.0
uniform,i2c,2,18,299,4,True,304,4,True,48.0
uniform,i2c,2,19,299,4,True,299,4,True,48.0
uniform,i2c,2,20,285,4,True,285,4,True,60.0
uniform,i2c,2,21,296,4,True,296,4,True,60.0
uniform,i2c,2,22,292,4,True,292,4,True,58.0
uniform,i2c,2,23,295,4,True,302,4,True,42.0
uniform,i2c,2,24,288,4,True,289,4,True,64.0
uniform,i2c,2,25,300,4,True,300,4,True,46.0
uniform,i2c,2,26,310,4,True,317,4,True,42.0
uniform,i2c,2,27,290,4,True,296,4,True,53.0
uniform,i2c,2,28,302,4,True,302,4,True,58.0
uniform,i2c,2,29,295,4,True,297,4,True,57.0
uniform,i2c,2,30,290,4,True,290,4,True,60.0
uniform,i2c,2,31,304,4,True,304,4,True,66.0
uniform,i2c,2,32,288,4,True,292,4,True,57.0
uniform,i2c,2,33,298,4,True,299,4,True,57.0
uniform,i2c,2,34,286,4,True,286,4,True,56.0
uniform,i2c,2,35,286,4,True,289,4,True,58.0
uniform,i2c,2,36,297,4,True,297,4,True,56.0
uniform,i2c,2,37,300,4,True,301,4,True,47.0
uniform,i2c,2,38,291,4,True,292,4,True,40.0
uniform,i2c,2,39,296,4,True,296,4,True,46.0
uniform,i2c,2,40,300,4,True,301,4,True,46.0
uniform,i2c,2,41,299,4,True,300,4,True,41.0
uniform,i2c,2,42,292,4,True,292,4,True,57.0
uniform,i2c,2,43,295,4,True,296,4,True,53.0
uniform,i2c,2,44,293,4,True,294,4,True,61.0
uniform,i2c,2,45,298,4,True,299,4,True,56.0
uniform,i2c,2,46,293,4,True,293,4,True,54.0
uniform,i2c,2,47,300,4,True,300,4,True,57.0
uniform,i2c,2,48,289,4,True,289,4,True,46.0
uniform,i2c,2,49,299,4,True,301,4,True,46.0
uniform,i2c,2,50,289,4,True,291,4,True,48.0
uniform,max,0,1,792,41,True,821,37,True,4.0
uniform,max,0,2,786,43,False,786,43,False,14.0
uniform,max,0,3,800,35,True,815,35,True,16.0
uniform,max,0,4,771,41,True,794,36,True,21.0
uniform,max,0,5,773,39,True,808,38,True,2.0
uniform,max,0,6,777,41,True,821,32,True,33.0
uniform,max,0,7,790,41,True,823,36,True,23.0
uniform,max,0,8,797,39,True,808,36,True,19.0
uniform,max,0,9,819,42,False,819,42,False,21.0
uniform,max,0,10,771,39,True,809,37,True,13.0
uniform,max,0,11,792,41,True,805,35,True,12.0
uniform,max,0,12,786,41,True,825,33,True,8.0
uniform,max,0,13,789,41,True,819,36,True,7.0
uniform,max,0,14,767,40,True,782,38,True,14.0
uniform,max,0,15,791,40,True,817,38,True,11.0
uniform,max,0,16,787,36,True,787,36,True,2.0
uniform,max,0,17,791,40,True,833,36,True,-1.0
uniform,max,0,18,768,40,True,797,37,True,5.0
uniform,max,0,19,786,37,True,808,37,True,11.0
uniform,max,0,20,798,41,True,820,39,True,3.0
uniform,max,0,21,789,41,True,789,41,True,12.0
uniform,max,0,22,779,38,True,800,36,True,2.0
uniform,max,0,23,791,39,True,807,39,True,11.0
uniform,max,0,24,777,39,True,823,37,True,1.0
uniform,max,0,25,801,41,True,818,33,True,12.0
uniform,max,0,26,781,41,True,829,35,True,14.0
uniform,max,0,27,790,37,True,813,32,True,23.0
uniform,max,0,28,803,37,True,823,36,True,5.0
uniform,max,0,29,784,40,True,808,40,True,9.0
uniform,max,0,30,773,38,True,773,38,True,24.0
uniform,max,0,31,792,38,True,818,36,True,7.0
uniform,max,0,32,773,40,True,773,40,True,15.0
uniform,max,0,33,834,39,True,834,39,True,2.0
uniform,max,0,34,804,40,True,804,40,True,15.0
uniform,max,0,35,767,41,True,795,41,True,12.0
uniform,max,0,36,791,40,True,804,40,True,5.0
uniform,max,0,37,779,41,True,795,37,True,12.0
uniform,max,0,38,772,40,True,802,39,True,13.0
uniform,max,0,39,792,41,True,818,35,True,13.0
uniform,max,0,40,784,40,True,792,39,True,7.0
uniform,max,0,41,758,40,True,807,35,True,17.0
uniform,max,1,1,770,41,True,824,35,True,8.0
uniform,max,1,2,764,43,False,764,43,False,10.0
uniform,max,1,3,784,39,True,784,39,True,14.0
uniform,max,1,4,783,41,True,799,39,True,19.0
uniform,max,1,5,784,39,True,827,33,True,9.0
uniform,max,1,6,769,40,True,797,37,True,12.0
uniform,max,1,7,793,43,False,810,43,False,1.0
uniform,max,1,8,777,41,True,782,38,True,10.0
uniform,max,1,9,781,41,True,808,36,True,24.0
uniform,max,1,10,792,41,True,807,34,True,11.0
uniform,max,1,11,775,41,True,809,38,True,5.0
uniform,max,1,12,786,40,True,788,40,True,2.0
uniform,max,1,13,768,41,True,801,37,True,7.0
uniform,max,1,14,802,40,True,817,34,True,13.0
uniform,max,1,15,792,41,True,819,36,True,9.0
uniform,max,1,16,777,41,True,828,35,True,12.0
uniform,max,1,17,765,40,True,801,37,True,6.0
uniform,max,1,18,800,40,True,819,35,True,19.0
uniform,max,1,19,761,41,True,804,37,True,7.0
uniform,max,1,20,786,41,True,802,40,True,14.0
uniform,max,1,21,776,38,True,797,38,True,14.0
uniform,max,1,22,774,40,True,809,37,True,19.0
uniform,max,1,23,776,35,True,776,35,True,11.0
uniform,max,1,24,777,39,True,795,38,True,9.0
uniform,max,1,25,780,40,True,784,37,True,17.0
uniform,max,1,26,797,38,True,822,36,True,16.0
uniform,max,1,27,781,41,True,801,36,True,13.0
uniform,max,1,28,781,41,True,806,40,True,3.0
uniform,max,1,29,780,41,True,788,40,True,9.0
uniform,max,1,30,799,40,True,805,34,True,13.0
uniform,max,1,31,794,35,True,833,34,True,10.0
uniform,max,1,32,772,41,True,773,38,True,12.0
uniform,max,1,33,768,40,True,782,36,True,14.0
uniform,max,1,34,774,40,True,799,37,True,5.0
uniform,max,1,35,773,38,True,782,37,True,24.0
uniform,max,1,36,767,41,True,794,37,True,1.0
uniform,max,1,37,786,38,True,788,38,True,6.0
uniform,max,1,38,774,41,True,798,36,True,17.0
uniform,max,1,39,782,41,True,819,33,True,13.0
uniform,max,1,40,768,41,True,798,37,True,18.0
uniform,max,1,41,776,41,True,801,37,True,19.0
uniform,max,2,1,784,40,True,798,38,True,10.0
uniform,max,2,2,798,40,True,829,33,True,14.0
uniform,max,2,3,783,41,True,809,41,True,17.0
uniform,max,2,4,786,41,True,805,38,True,14.0
uniform,max,2,5,770,40,True,777,40,True,14.0
uniform,max,2,6,792,37,True,824,38,True,17.0
uniform,max,2,7,800,39,True,826,35,True,12.0
uniform,max,2,8,798,41,True,811,36,True,11.0
uniform,max,2,9,789,41,True,819,34,True,1.0
uniform,max,2,10,766,41,True,803,37,True,8.0
uniform,max,2,11,791,39,True,798,39,True,-3.0
uniform,max,2,12,780,41,True,802,37,True,9.0
uniform,max,2,13,797,41,True,821,36,True,20.0
uniform,max,2,14,784,38,True,839,35,True,12.0
uniform,max,2,15,789,41,True,796,38,True,10.0
uniform,max,2,16,812,38,True,816,34,True,12.0
uniform,max,2,17,768,41,True,787,36,True,19.0
uniform,max,2,18,805,42,False,805,42,False,10.0
uniform,max,2,19,788,40,True,823,33,True,28.0
uniform,max,2,20,791,38,True,815,35,True,21.0
uniform,max,2,21,781,41,True,814,34,True,18.0
uniform,max,2,22,780,41,True,786,38,True,15.0
uniform,max,2,23,783,41,True,827,36,True,6.0
uniform,max,2,24,766,40,True,778,37,True,8.0
uniform,max,2,25,787,41,True,835,35,True,9.0
uniform,max,2,26,766,41,True,812,37,True,12.0
uniform,max,2,27,807,40,True,820,32,True,10.0
uniform,max,2,28,791,40,True,830,35,True,15.0
uniform,max,2,29,797,41,True,801,34,True,22.0
uniform,max,2,30,773,40,True,790,36,True,20.0
uniform,max,2,31,794,38,True,803,35,True,30.0
uniform,max,2,32,761,41,True,801,35,True,11.0
uniform,max,2,33,766,40,True,791,38,True,13.0
uniform,max,2,34,796,40,True,817,33,True,21.0
uniform,max,2,35,766,40,True,807,37,True,9.0
uniform,max,2,36,775,41,True,802,32,True,15.0
uniform,max,2,37,794,39,True,824,37,True,15.0
uniform,max,2,38,804,40,True,808,40,True,3.0
uniform,max,2,39,777,41,True,777,41,True,24.0
uniform,max,2,40,775,41,True,779,39,True,13.0
uniform,max,2,41,775,41,True,796,38,True,5.0
