experiment,group,circuit,seed,target,target_luts,max_levels,budget,observed_candidates,status,hit,first_candidate,censored,censoring,first_episode,first_iteration
100x10,trained,int2float,0,resyn2,48,3,1000,1000,complete,True,2,False,,1,2
100x10,trained,int2float,0,old_best,43,3,1000,1000,complete,False,,True,预算内未达到,,
100x10,trained,int2float,1,resyn2,48,3,1000,1000,complete,True,6,False,,1,6
100x10,trained,int2float,1,old_best,43,3,1000,1000,complete,False,,True,预算内未达到,,
100x10,trained,int2float,2,resyn2,48,3,1000,1000,complete,True,3,False,,1,3
100x10,trained,int2float,2,old_best,43,3,1000,1000,complete,True,970,False,,97,10
100x10,trained,i2c,0,resyn2,322,4,1000,1000,complete,True,4,False,,1,4
100x10,trained,i2c,0,old_best,300,4,1000,1000,complete,True,230,False,,23,10
100x10,trained,i2c,1,resyn2,322,4,1000,1000,complete,True,27,False,,3,7
100x10,trained,i2c,1,old_best,300,4,1000,1000,complete,False,,True,预算内未达到,,
100x10,trained,i2c,2,resyn2,322,4,1000,1000,complete,True,17,False,,2,7
100x10,trained,i2c,2,old_best,300,4,1000,1000,complete,False,,True,预算内未达到,,
100x10,trained,max,0,resyn2,777,41,1000,1000,complete,True,280,False,,28,10
100x10,trained,max,0,old_best,763,41,1000,1000,complete,False,,True,预算内未达到,,
100x10,trained,max,1,resyn2,777,41,1000,1000,complete,True,70,False,,7,10
100x10,trained,max,1,old_best,763,41,1000,1000,complete,False,,True,预算内未达到,,
100x10,trained,max,2,resyn2,777,41,1000,1000,complete,True,29,False,,3,9
100x10,trained,max,2,old_best,763,41,1000,1000,complete,False,,True,预算内未达到,,
100x10,frozen,int2float,0,resyn2,48,3,1000,1000,complete,True,2,False,,1,2
100x10,frozen,int2float,0,old_best,43,3,1000,1000,complete,False,,True,预算内未达到,,
100x10,frozen,int2float,1,resyn2,48,3,1000,1000,complete,True,6,False,,1,6
100x10,frozen,int2float,1,old_best,43,3,1000,1000,complete,False,,True,预算内未达到,,
100x10,frozen,int2float,2,resyn2,48,3,1000,1000,complete,True,3,False,,1,3
100x10,frozen,int2float,2,old_best,43,3,1000,1000,complete,True,470,False,,47,10
100x10,frozen,i2c,0,resyn2,322,4,1000,1000,complete,True,4,False,,1,4
100x10,frozen,i2c,0,old_best,300,4,1000,1000,complete,False,,True,预算内未达到,,
100x10,frozen,i2c,1,resyn2,322,4,1000,1000,complete,True,27,False,,3,7
100x10,frozen,i2c,1,old_best,300,4,1000,1000,complete,False,,True,预算内未达到,,
100x10,frozen,i2c,2,resyn2,322,4,1000,1000,complete,True,17,False,,2,7
100x10,frozen,i2c,2,old_best,300,4,1000,1000,complete,False,,True,预算内未达到,,
100x10,frozen,max,0,resyn2,777,41,1000,1000,complete,True,280,False,,28,10
100x10,frozen,max,0,old_best,763,41,1000,1000,complete,True,480,False,,48,10
100x10,frozen,max,1,resyn2,777,41,1000,1000,complete,True,70,False,,7,10
100x10,frozen,max,1,old_best,763,41,1000,1000,complete,False,,True,预算内未达到,,
100x10,frozen,max,2,resyn2,777,41,1000,1000,complete,True,29,False,,3,9
100x10,frozen,max,2,old_best,763,41,1000,1000,complete,False,,True,预算内未达到,,
100x10,uniform,int2float,0,resyn2,48,3,1000,1000,complete,True,2,False,,1,2
100x10,uniform,int2float,0,old_best,43,3,1000,1000,complete,False,,True,预算内未达到,,
100x10,uniform,int2float,1,resyn2,48,3,1000,1000,complete,True,7,False,,1,7
100x10,uniform,int2float,1,old_best,43,3,1000,1000,complete,False,,True,预算内未达到,,
100x10,uniform,int2float,2,resyn2,48,3,1000,1000,complete,True,3,False,,1,3
100x10,uniform,int2float,2,old_best,43,3,1000,1000,complete,False,,True,预算内未达到,,
100x10,uniform,i2c,0,resyn2,322,4,1000,1000,complete,True,7,False,,1,7
100x10,uniform,i2c,0,old_best,300,4,1000,1000,complete,False,,True,预算内未达到,,
100x10,uniform,i2c,1,resyn2,322,4,1000,1000,complete,True,27,False,,3,7
100x10,uniform,i2c,1,old_best,300,4,1000,1000,complete,False,,True,预算内未达到,,
100x10,uniform,i2c,2,resyn2,322,4,1000,1000,complete,True,17,False,,2,7
100x10,uniform,i2c,2,old_best,300,4,1000,1000,complete,False,,True,预算内未达到,,
100x10,uniform,max,0,resyn2,777,41,1000,1000,complete,True,100,False,,10,10
100x10,uniform,max,0,old_best,763,41,1000,1000,complete,False,,True,预算内未达到,,
100x10,uniform,max,1,resyn2,777,41,1000,1000,complete,False,,True,预算内未达到,,
100x10,uniform,max,1,old_best,763,41,1000,1000,complete,False,,True,预算内未达到,,
100x10,uniform,max,2,resyn2,777,41,1000,1000,complete,True,29,False,,3,9
100x10,uniform,max,2,old_best,763,41,1000,1000,complete,False,,True,预算内未达到,,
50x50,trained,int2float,0,resyn2,48,3,2500,2500,complete,True,2,False,,1,2
50x50,trained,int2float,0,old_best,43,3,2500,2500,complete,True,177,False,,4,27
50x50,trained,int2float,1,resyn2,48,3,2500,2500,complete,True,6,False,,1,6
50x50,trained,int2float,1,old_best,43,3,2500,2500,complete,True,665,False,,14,15
50x50,trained,int2float,2,resyn2,48,3,2500,2500,complete,True,3,False,,1,3
50x50,trained,int2float,2,old_best,43,3,2500,2500,complete,True,1886,False,,38,36
50x50,trained,i2c,0,resyn2,322,4,2500,2500,complete,True,4,False,,1,4
50x50,trained,i2c,0,old_best,300,4,2500,2500,complete,True,123,False,,3,23
50x50,trained,i2c,1,resyn2,322,4,2500,2500,complete,True,25,False,,1,25
50x50,trained,i2c,1,old_best,300,4,2500,2500,complete,True,147,False,,3,47
50x50,trained,i2c,2,resyn2,322,4,2500,2500,complete,True,12,False,,1,12
50x50,trained,i2c,2,old_best,300,4,2500,2500,complete,True,30,False,,1,30
50x50,trained,max,0,resyn2,777,41,2500,2050,incomplete,True,168,False,,4,18
50x50,trained,max,0,old_best,763,41,2500,2050,incomplete,False,,True,未完成预算,,
50x50,trained,max,1,resyn2,777,41,2500,2150,incomplete,True,129,False,,3,29
50x50,trained,max,1,old_best,763,41,2500,2150,incomplete,True,138,False,,3,38
50x50,trained,max,2,resyn2,777,41,2500,2100,incomplete,True,239,False,,5,39
50x50,trained,max,2,old_best,763,41,2500,2100,incomplete,True,470,False,,10,20
50x50,frozen,int2float,0,resyn2,48,3,2500,2500,complete,True,2,False,,1,2
50x50,frozen,int2float,0,old_best,43,3,2500,2500,complete,True,177,False,,4,27
50x50,frozen,int2float,1,resyn2,48,3,2500,2500,complete,True,6,False,,1,6
50x50,frozen,int2float,1,old_best,43,3,2500,2500,complete,True,665,False,,14,15
50x50,frozen,int2float,2,resyn2,48,3,2500,2500,complete,True,3,False,,1,3
50x50,frozen,int2float,2,old_best,43,3,2500,2500,complete,True,1886,False,,38,36
50x50,frozen,i2c,0,resyn2,322,4,2500,2500,complete,True,4,False,,1,4
50x50,frozen,i2c,0,old_best,300,4,2500,2500,complete,True,123,False,,3,23
50x50,frozen,i2c,1,resyn2,322,4,2500,2500,complete,True,25,False,,1,25
50x50,frozen,i2c,1,old_best,300,4,2500,2500,complete,True,147,False,,3,47
50x50,frozen,i2c,2,resyn2,322,4,2500,2500,complete,True,12,False,,1,12
50x50,frozen,i2c,2,old_best,300,4,2500,2500,complete,True,30,False,,1,30
50x50,frozen,max,0,resyn2,777,41,2500,2400,incomplete,True,168,False,,4,18
50x50,frozen,max,0,old_best,763,41,2500,2400,incomplete,True,680,False,,14,30
50x50,frozen,max,1,resyn2,777,41,2500,2500,complete,True,128,False,,3,28
50x50,frozen,max,1,old_best,763,41,2500,2500,complete,True,129,False,,3,29
50x50,frozen,max,2,resyn2,777,41,2500,2450,incomplete,True,463,False,,10,13
50x50,frozen,max,2,old_best,763,41,2500,2450,incomplete,True,2018,False,,41,18
50x50,uniform,int2float,0,resyn2,48,3,2500,2500,complete,True,2,False,,1,2
50x50,uniform,int2float,0,old_best,43,3,2500,2500,complete,True,665,False,,14,15
50x50,uniform,int2float,1,resyn2,48,3,2500,2500,complete,True,7,False,,1,7
50x50,uniform,int2float,1,old_best,43,3,2500,2500,complete,True,665,False,,14,15
50x50,uniform,int2float,2,resyn2,48,3,2500,2500,complete,True,3,False,,1,3
50x50,uniform,int2float,2,old_best,43,3,2500,2500,complete,True,389,False,,8,39
50x50,uniform,i2c,0,resyn2,322,4,2500,2500,complete,True,7,False,,1,7
50x50,uniform,i2c,0,old_best,300,4,2500,2500,complete,True,75,False,,2,25
50x50,uniform,i2c,1,resyn2,322,4,2500,2500,complete,True,17,False,,1,17
50x50,uniform,i2c,1,old_best,300,4,2500,2500,complete,True,46,False,,1,46
50x50,uniform,i2c,2,resyn2,322,4,2500,2500,complete,True,12,False,,1,12
50x50,uniform,i2c,2,old_best,300,4,2500,2500,complete,True,32,False,,1,32
50x50,uniform,max,0,resyn2,777,41,2500,2050,incomplete,True,168,False,,4,18
50x50,uniform,max,0,old_best,763,41,2500,2050,incomplete,True,2021,False,,41,21
50x50,uniform,max,1,resyn2,777,41,2500,2050,incomplete,True,25,False,,1,25
50x50,uniform,max,1,old_best,763,41,2500,2050,incomplete,True,935,False,,19,35
50x50,uniform,max,2,resyn2,777,41,2500,2050,incomplete,True,239,False,,5,39
50x50,uniform,max,2,old_best,763,41,2500,2050,incomplete,True,1564,False,,32,14
